{"nodeID":"1000001", "floor":"1", "zone":"B", "area":"17", "bay":"10", "hid":"00", "Xaxis":"14500", "Yaxis":"3300" ,"type":"common","updateTime":0} 
{"nodeID":"1000002", "floor":"1", "zone":"B", "area":"17", "bay":"10", "hid":"00", "Xaxis":"14500", "Yaxis":"3290" ,"type":"common","updateTime":0} 
{"nodeID":"1000003", "floor":"1", "zone":"B", "area":"17", "bay":"10", "hid":"00", "Xaxis":"14500", "Yaxis":"3280" ,"type":"common","updateTime":0} 
{"nodeID":"1000004", "floor":"1", "zone":"B", "area":"17", "bay":"10", "hid":"00", "Xaxis":"14500", "Yaxis":"3270" ,"type":"common","updateTime":0} 
{"nodeID":"1000005", "floor":"1", "zone":"B", "area":"17", "bay":"10", "hid":"00", "Xaxis":"14500", "Yaxis":"3260" ,"type":"common","updateTime":0} 
{"nodeID":"1000006", "floor":"1", "zone":"B", "area":"17", "bay":"10", "hid":"00", "Xaxis":"14500", "Yaxis":"3230" ,"type":"common","updateTime":0} 
{"nodeID":"1000007", "floor":"1", "zone":"B", "area":"17", "bay":"10", "hid":"00", "Xaxis":"14500", "Yaxis":"3200" ,"type":"common","updateTime":0} 
{"nodeID":"1000008", "floor":"1", "zone":"B", "area":"17", "bay":"10", "hid":"00", "Xaxis":"14500", "Yaxis":"3190" ,"type":"common","updateTime":0} 
{"nodeID":"1000009", "floor":"1", "zone":"B", "area":"17", "bay":"10", "hid":"00", "Xaxis":"14500", "Yaxis":"3170" ,"type":"common","updateTime":0} 
{"nodeID":"1000010", "floor":"1", "zone":"B", "area":"17", "bay":"10", "hid":"00", "Xaxis":"14500", "Yaxis":"3160" ,"type":"common","updateTime":0} 
{"nodeID":"1000011", "floor":"1", "zone":"B", "area":"17", "bay":"10", "hid":"00", "Xaxis":"14500", "Yaxis":"3150" ,"type":"common","updateTime":0} 
{"nodeID":"1000012", "floor":"1", "zone":"B", "area":"17", "bay":"10", "hid":"00", "Xaxis":"14500", "Yaxis":"3120" ,"type":"common","updateTime":0} 
{"nodeID":"1000013", "floor":"1", "zone":"B", "area":"17", "bay":"10", "hid":"00", "Xaxis":"14500", "Yaxis":"3090" ,"type":"common","updateTime":0} 
{"nodeID":"1000014", "floor":"1", "zone":"B", "area":"17", "bay":"10", "hid":"00", "Xaxis":"14500", "Yaxis":"3085" ,"type":"common","updateTime":0} 
{"nodeID":"1000015", "floor":"1", "zone":"B", "area":"17", "bay":"10", "hid":"00", "Xaxis":"14500", "Yaxis":"3080" ,"type":"common","updateTime":0} 
{"nodeID":"1000016", "floor":"1", "zone":"B", "area":"17", "bay":"10", "hid":"00", "Xaxis":"14500", "Yaxis":"3075" ,"type":"common","updateTime":0} 
{"nodeID":"1000017", "floor":"1", "zone":"B", "area":"17", "bay":"10", "hid":"00", "Xaxis":"14500", "Yaxis":"3070" ,"type":"common","updateTime":0} 
{"nodeID":"1000018", "floor":"1", "zone":"B", "area":"17", "bay":"10", "hid":"00", "Xaxis":"14500", "Yaxis":"3065" ,"type":"common","updateTime":0} 
{"nodeID":"1000019", "floor":"1", "zone":"B", "area":"17", "bay":"10", "hid":"00", "Xaxis":"14500", "Yaxis":"3060" ,"type":"common","updateTime":0} 
{"nodeID":"1000020", "floor":"1", "zone":"B", "area":"17", "bay":"10", "hid":"00", "Xaxis":"14500", "Yaxis":"3050" ,"type":"common","updateTime":0} 
{"nodeID":"1000021", "floor":"1", "zone":"B", "area":"17", "bay":"10", "hid":"00", "Xaxis":"14500", "Yaxis":"3040" ,"type":"common","updateTime":0} 
{"nodeID":"1000022", "floor":"1", "zone":"B", "area":"17", "bay":"10", "hid":"00", "Xaxis":"14500", "Yaxis":"3030" ,"type":"common","updateTime":0} 
{"nodeID":"1000023", "floor":"1", "zone":"B", "area":"17", "bay":"10", "hid":"00", "Xaxis":"14500", "Yaxis":"3025" ,"type":"common","updateTime":0} 
{"nodeID":"1000024", "floor":"1", "zone":"B", "area":"17", "bay":"10", "hid":"00", "Xaxis":"14500", "Yaxis":"3005" ,"type":"common","updateTime":0} 
{"nodeID":"1000025", "floor":"1", "zone":"B", "area":"17", "bay":"10", "hid":"00", "Xaxis":"14500", "Yaxis":"2995" ,"type":"common","updateTime":0} 
{"nodeID":"1000026", "floor":"1", "zone":"B", "area":"17", "bay":"10", "hid":"00", "Xaxis":"14500", "Yaxis":"2990" ,"type":"common","updateTime":0} 
{"nodeID":"1000027", "floor":"1", "zone":"B", "area":"17", "bay":"10", "hid":"00", "Xaxis":"14500", "Yaxis":"2980" ,"type":"common","updateTime":0} 
{"nodeID":"1000028", "floor":"1", "zone":"B", "area":"17", "bay":"10", "hid":"00", "Xaxis":"14500", "Yaxis":"2975" ,"type":"common","updateTime":0} 
{"nodeID":"1000029", "floor":"1", "zone":"B", "area":"17", "bay":"10", "hid":"00", "Xaxis":"14500", "Yaxis":"2955" ,"type":"common","updateTime":0} 
{"nodeID":"1000030", "floor":"1", "zone":"B", "area":"17", "bay":"10", "hid":"00", "Xaxis":"14500", "Yaxis":"2945" ,"type":"common","updateTime":0} 
{"nodeID":"1000031", "floor":"1", "zone":"B", "area":"17", "bay":"10", "hid":"00", "Xaxis":"14500", "Yaxis":"2935" ,"type":"common","updateTime":0} 
{"nodeID":"1000032", "floor":"1", "zone":"B", "area":"17", "bay":"10", "hid":"00", "Xaxis":"14500", "Yaxis":"2930" ,"type":"common","updateTime":0} 
{"nodeID":"1000033", "floor":"1", "zone":"B", "area":"17", "bay":"10", "hid":"00", "Xaxis":"14500", "Yaxis":"2910" ,"type":"common","updateTime":0} 
{"nodeID":"1000034", "floor":"1", "zone":"B", "area":"17", "bay":"10", "hid":"00", "Xaxis":"14500", "Yaxis":"2890" ,"type":"common","updateTime":0} 
{"nodeID":"1000035", "floor":"1", "zone":"B", "area":"17", "bay":"10", "hid":"00", "Xaxis":"14500", "Yaxis":"2885" ,"type":"common","updateTime":0} 
{"nodeID":"1000036", "floor":"1", "zone":"B", "area":"17", "bay":"10", "hid":"00", "Xaxis":"14500", "Yaxis":"2880" ,"type":"common","updateTime":0} 
{"nodeID":"1000037", "floor":"1", "zone":"B", "area":"17", "bay":"10", "hid":"00", "Xaxis":"14500", "Yaxis":"2875" ,"type":"common","updateTime":0} 
{"nodeID":"1000038", "floor":"1", "zone":"B", "area":"17", "bay":"10", "hid":"00", "Xaxis":"14500", "Yaxis":"2870" ,"type":"common","updateTime":0} 
{"nodeID":"1000039", "floor":"1", "zone":"B", "area":"17", "bay":"10", "hid":"00", "Xaxis":"14500", "Yaxis":"2865" ,"type":"common","updateTime":0} 
{"nodeID":"1000040", "floor":"1", "zone":"B", "area":"17", "bay":"10", "hid":"00", "Xaxis":"14500", "Yaxis":"2860" ,"type":"common","updateTime":0} 
{"nodeID":"1000041", "floor":"1", "zone":"B", "area":"17", "bay":"10", "hid":"00", "Xaxis":"14500", "Yaxis":"2855" ,"type":"common","updateTime":0} 
{"nodeID":"1000042", "floor":"1", "zone":"B", "area":"17", "bay":"10", "hid":"00", "Xaxis":"14500", "Yaxis":"2850" ,"type":"common","updateTime":0} 
{"nodeID":"1000043", "floor":"1", "zone":"B", "area":"17", "bay":"10", "hid":"00", "Xaxis":"14500", "Yaxis":"2845" ,"type":"common","updateTime":0} 
{"nodeID":"1000044", "floor":"1", "zone":"B", "area":"17", "bay":"10", "hid":"00", "Xaxis":"14500", "Yaxis":"2840" ,"type":"common","updateTime":0} 
{"nodeID":"1000045", "floor":"1", "zone":"B", "area":"17", "bay":"10", "hid":"00", "Xaxis":"14500", "Yaxis":"2830" ,"type":"common","updateTime":0} 
{"nodeID":"1000046", "floor":"1", "zone":"B", "area":"17", "bay":"10", "hid":"00", "Xaxis":"14500", "Yaxis":"2820" ,"type":"common","updateTime":0} 
{"nodeID":"1000047", "floor":"1", "zone":"B", "area":"17", "bay":"10", "hid":"00", "Xaxis":"14500", "Yaxis":"2810" ,"type":"common","updateTime":0} 
{"nodeID":"1000048", "floor":"1", "zone":"B", "area":"17", "bay":"10", "hid":"00", "Xaxis":"14500", "Yaxis":"2805" ,"type":"common","updateTime":0} 
{"nodeID":"1000049", "floor":"1", "zone":"B", "area":"17", "bay":"10", "hid":"00", "Xaxis":"14500", "Yaxis":"2800" ,"type":"common","updateTime":0} 
{"nodeID":"1000050", "floor":"1", "zone":"B", "area":"17", "bay":"10", "hid":"00", "Xaxis":"14500", "Yaxis":"2780" ,"type":"common","updateTime":0} 
{"nodeID":"1000051", "floor":"1", "zone":"B", "area":"17", "bay":"10", "hid":"00", "Xaxis":"14500", "Yaxis":"2760" ,"type":"common","updateTime":0} 
{"nodeID":"1000052", "floor":"1", "zone":"B", "area":"17", "bay":"10", "hid":"00", "Xaxis":"14500", "Yaxis":"2730" ,"type":"common","updateTime":0} 
{"nodeID":"1000053", "floor":"1", "zone":"B", "area":"17", "bay":"10", "hid":"00", "Xaxis":"14500", "Yaxis":"2725" ,"type":"common","updateTime":0} 
{"nodeID":"1000054", "floor":"1", "zone":"B", "area":"17", "bay":"10", "hid":"00", "Xaxis":"14500", "Yaxis":"2720" ,"type":"common","updateTime":0} 
{"nodeID":"1000055", "floor":"1", "zone":"B", "area":"17", "bay":"10", "hid":"00", "Xaxis":"14500", "Yaxis":"2715" ,"type":"common","updateTime":0} 
{"nodeID":"1000056", "floor":"1", "zone":"B", "area":"17", "bay":"10", "hid":"00", "Xaxis":"14500", "Yaxis":"2705" ,"type":"common","updateTime":0} 
{"nodeID":"1000057", "floor":"1", "zone":"B", "area":"17", "bay":"10", "hid":"00", "Xaxis":"14500", "Yaxis":"2695" ,"type":"common","updateTime":0} 
{"nodeID":"1000058", "floor":"1", "zone":"B", "area":"17", "bay":"10", "hid":"00", "Xaxis":"14500", "Yaxis":"2685" ,"type":"common","updateTime":0} 
{"nodeID":"1000059", "floor":"1", "zone":"B", "area":"17", "bay":"10", "hid":"00", "Xaxis":"14500", "Yaxis":"2675" ,"type":"common","updateTime":0} 
{"nodeID":"1000060", "floor":"1", "zone":"B", "area":"17", "bay":"10", "hid":"00", "Xaxis":"14500", "Yaxis":"2665" ,"type":"common","updateTime":0} 
{"nodeID":"1000061", "floor":"1", "zone":"B", "area":"17", "bay":"10", "hid":"00", "Xaxis":"14500", "Yaxis":"2655" ,"type":"common","updateTime":0} 
{"nodeID":"1000062", "floor":"1", "zone":"B", "area":"17", "bay":"10", "hid":"00", "Xaxis":"14500", "Yaxis":"2645" ,"type":"common","updateTime":0} 
{"nodeID":"1000063", "floor":"1", "zone":"B", "area":"17", "bay":"10", "hid":"00", "Xaxis":"14500", "Yaxis":"2640" ,"type":"common","updateTime":0} 
{"nodeID":"1000064", "floor":"1", "zone":"B", "area":"17", "bay":"10", "hid":"00", "Xaxis":"14500", "Yaxis":"2635" ,"type":"common","updateTime":0} 
{"nodeID":"1000065", "floor":"1", "zone":"B", "area":"17", "bay":"10", "hid":"00", "Xaxis":"14500", "Yaxis":"2630" ,"type":"common","updateTime":0} 
{"nodeID":"1000066", "floor":"1", "zone":"B", "area":"17", "bay":"10", "hid":"00", "Xaxis":"14500", "Yaxis":"2625" ,"type":"common","updateTime":0} 
{"nodeID":"1000067", "floor":"1", "zone":"B", "area":"17", "bay":"10", "hid":"00", "Xaxis":"14500", "Yaxis":"2620" ,"type":"common","updateTime":0} 
{"nodeID":"1000068", "floor":"1", "zone":"B", "area":"17", "bay":"10", "hid":"00", "Xaxis":"14500", "Yaxis":"2615" ,"type":"common","updateTime":0} 
{"nodeID":"1000069", "floor":"1", "zone":"B", "area":"17", "bay":"10", "hid":"00", "Xaxis":"14500", "Yaxis":"2610" ,"type":"common","updateTime":0} 
{"nodeID":"1000070", "floor":"1", "zone":"B", "area":"17", "bay":"10", "hid":"00", "Xaxis":"14500", "Yaxis":"2605" ,"type":"common","updateTime":0} 
{"nodeID":"1000071", "floor":"1", "zone":"B", "area":"17", "bay":"10", "hid":"00", "Xaxis":"14500", "Yaxis":"2600" ,"type":"common","updateTime":0} 
{"nodeID":"1000072", "floor":"1", "zone":"B", "area":"17", "bay":"10", "hid":"00", "Xaxis":"14500", "Yaxis":"2595" ,"type":"common","updateTime":0} 
{"nodeID":"1000073", "floor":"1", "zone":"B", "area":"17", "bay":"10", "hid":"00", "Xaxis":"14500", "Yaxis":"2575" ,"type":"common","updateTime":0} 
{"nodeID":"1000074", "floor":"1", "zone":"B", "area":"17", "bay":"10", "hid":"00", "Xaxis":"14500", "Yaxis":"2555" ,"type":"common","updateTime":0} 
{"nodeID":"1000075", "floor":"1", "zone":"B", "area":"17", "bay":"10", "hid":"00", "Xaxis":"14500", "Yaxis":"2535" ,"type":"common","updateTime":0} 
{"nodeID":"1000076", "floor":"1", "zone":"B", "area":"17", "bay":"10", "hid":"00", "Xaxis":"14500", "Yaxis":"2515" ,"type":"common","updateTime":0} 
{"nodeID":"1000077", "floor":"1", "zone":"B", "area":"17", "bay":"10", "hid":"00", "Xaxis":"14500", "Yaxis":"2495" ,"type":"common","updateTime":0} 
{"nodeID":"1000078", "floor":"1", "zone":"B", "area":"17", "bay":"10", "hid":"00", "Xaxis":"14500", "Yaxis":"2465" ,"type":"common","updateTime":0} 
{"nodeID":"1000079", "floor":"1", "zone":"B", "area":"17", "bay":"10", "hid":"00", "Xaxis":"14500", "Yaxis":"2460" ,"type":"common","updateTime":0} 
{"nodeID":"1000080", "floor":"1", "zone":"B", "area":"17", "bay":"10", "hid":"00", "Xaxis":"14500", "Yaxis":"2455" ,"type":"common","updateTime":0} 
{"nodeID":"1000081", "floor":"1", "zone":"B", "area":"17", "bay":"10", "hid":"00", "Xaxis":"14500", "Yaxis":"2450" ,"type":"common","updateTime":0} 
{"nodeID":"1000082", "floor":"1", "zone":"B", "area":"17", "bay":"10", "hid":"00", "Xaxis":"14500", "Yaxis":"2445" ,"type":"common","updateTime":0} 
{"nodeID":"1000083", "floor":"1", "zone":"B", "area":"17", "bay":"10", "hid":"00", "Xaxis":"14500", "Yaxis":"2440" ,"type":"common","updateTime":0} 
{"nodeID":"1000084", "floor":"1", "zone":"B", "area":"17", "bay":"10", "hid":"00", "Xaxis":"14500", "Yaxis":"2435" ,"type":"common","updateTime":0} 
{"nodeID":"1000085", "floor":"1", "zone":"B", "area":"17", "bay":"10", "hid":"00", "Xaxis":"14500", "Yaxis":"2425" ,"type":"common","updateTime":0} 
{"nodeID":"1000086", "floor":"1", "zone":"B", "area":"17", "bay":"10", "hid":"00", "Xaxis":"14500", "Yaxis":"2415" ,"type":"common","updateTime":0} 
{"nodeID":"1000087", "floor":"1", "zone":"B", "area":"17", "bay":"10", "hid":"00", "Xaxis":"14500", "Yaxis":"2405" ,"type":"common","updateTime":0} 
{"nodeID":"1000088", "floor":"1", "zone":"B", "area":"17", "bay":"10", "hid":"00", "Xaxis":"14500", "Yaxis":"2395" ,"type":"common","updateTime":0} 
{"nodeID":"1000089", "floor":"1", "zone":"B", "area":"17", "bay":"10", "hid":"00", "Xaxis":"14500", "Yaxis":"2365" ,"type":"common","updateTime":0} 
{"nodeID":"1000090", "floor":"1", "zone":"B", "area":"17", "bay":"10", "hid":"00", "Xaxis":"14500", "Yaxis":"2335" ,"type":"common","updateTime":0} 
{"nodeID":"1000091", "floor":"1", "zone":"B", "area":"17", "bay":"10", "hid":"00", "Xaxis":"14500", "Yaxis":"2325" ,"type":"common","updateTime":0} 
{"nodeID":"1000092", "floor":"1", "zone":"B", "area":"17", "bay":"10", "hid":"00", "Xaxis":"14500", "Yaxis":"2305" ,"type":"common","updateTime":0} 
{"nodeID":"1000093", "floor":"1", "zone":"B", "area":"17", "bay":"10", "hid":"00", "Xaxis":"14500", "Yaxis":"2295" ,"type":"common","updateTime":0} 
{"nodeID":"1000094", "floor":"1", "zone":"B", "area":"17", "bay":"10", "hid":"00", "Xaxis":"14500", "Yaxis":"2285" ,"type":"common","updateTime":0} 
{"nodeID":"1000095", "floor":"1", "zone":"B", "area":"17", "bay":"10", "hid":"00", "Xaxis":"14500", "Yaxis":"2255" ,"type":"common","updateTime":0} 
{"nodeID":"1000096", "floor":"1", "zone":"B", "area":"17", "bay":"10", "hid":"00", "Xaxis":"14500", "Yaxis":"2225" ,"type":"common","updateTime":0} 
{"nodeID":"1000097", "floor":"1", "zone":"B", "area":"17", "bay":"10", "hid":"00", "Xaxis":"14500", "Yaxis":"2220" ,"type":"common","updateTime":0} 
{"nodeID":"1000098", "floor":"1", "zone":"B", "area":"17", "bay":"10", "hid":"00", "Xaxis":"14500", "Yaxis":"2215" ,"type":"common","updateTime":0} 
{"nodeID":"1000099", "floor":"1", "zone":"B", "area":"17", "bay":"10", "hid":"00", "Xaxis":"14500", "Yaxis":"2210" ,"type":"common","updateTime":0} 
{"nodeID":"1000100", "floor":"1", "zone":"B", "area":"17", "bay":"10", "hid":"00", "Xaxis":"14500", "Yaxis":"2205" ,"type":"common","updateTime":0} 
{"nodeID":"1000101", "floor":"1", "zone":"B", "area":"17", "bay":"10", "hid":"00", "Xaxis":"14500", "Yaxis":"2200" ,"type":"common","updateTime":0} 
{"nodeID":"1000102", "floor":"1", "zone":"B", "area":"17", "bay":"10", "hid":"00", "Xaxis":"14500", "Yaxis":"2195" ,"type":"common","updateTime":0} 
{"nodeID":"1000103", "floor":"1", "zone":"B", "area":"17", "bay":"10", "hid":"00", "Xaxis":"14500", "Yaxis":"2185" ,"type":"common","updateTime":0} 
{"nodeID":"1000104", "floor":"1", "zone":"B", "area":"17", "bay":"10", "hid":"00", "Xaxis":"14500", "Yaxis":"2175" ,"type":"common","updateTime":0} 
{"nodeID":"1000105", "floor":"1", "zone":"B", "area":"17", "bay":"10", "hid":"00", "Xaxis":"14500", "Yaxis":"2165" ,"type":"common","updateTime":0} 
{"nodeID":"1000106", "floor":"1", "zone":"B", "area":"17", "bay":"10", "hid":"00", "Xaxis":"14500", "Yaxis":"2160" ,"type":"common","updateTime":0} 
{"nodeID":"1000107", "floor":"1", "zone":"B", "area":"17", "bay":"10", "hid":"00", "Xaxis":"14500", "Yaxis":"2140" ,"type":"common","updateTime":0} 
{"nodeID":"1000108", "floor":"1", "zone":"B", "area":"17", "bay":"10", "hid":"00", "Xaxis":"14500", "Yaxis":"2130" ,"type":"common","updateTime":0} 
{"nodeID":"1000109", "floor":"1", "zone":"B", "area":"17", "bay":"10", "hid":"00", "Xaxis":"14500", "Yaxis":"2125" ,"type":"common","updateTime":0} 
{"nodeID":"1000110", "floor":"1", "zone":"B", "area":"17", "bay":"10", "hid":"00", "Xaxis":"14500", "Yaxis":"2115" ,"type":"common","updateTime":0} 
{"nodeID":"1000111", "floor":"1", "zone":"B", "area":"17", "bay":"10", "hid":"00", "Xaxis":"14500", "Yaxis":"2110" ,"type":"common","updateTime":0} 
{"nodeID":"1000112", "floor":"1", "zone":"B", "area":"17", "bay":"10", "hid":"00", "Xaxis":"14500", "Yaxis":"2090" ,"type":"common","updateTime":0} 
{"nodeID":"1000113", "floor":"1", "zone":"B", "area":"17", "bay":"10", "hid":"00", "Xaxis":"14500", "Yaxis":"2080" ,"type":"common","updateTime":0} 
{"nodeID":"1000114", "floor":"1", "zone":"B", "area":"17", "bay":"10", "hid":"00", "Xaxis":"14500", "Yaxis":"2070" ,"type":"common","updateTime":0} 
{"nodeID":"1000115", "floor":"1", "zone":"B", "area":"17", "bay":"10", "hid":"00", "Xaxis":"14500", "Yaxis":"2065" ,"type":"common","updateTime":0} 
{"nodeID":"1000116", "floor":"1", "zone":"B", "area":"17", "bay":"10", "hid":"00", "Xaxis":"14500", "Yaxis":"2045" ,"type":"common","updateTime":0} 
{"nodeID":"1000117", "floor":"1", "zone":"B", "area":"17", "bay":"10", "hid":"00", "Xaxis":"14500", "Yaxis":"2025" ,"type":"common","updateTime":0} 
{"nodeID":"1000118", "floor":"1", "zone":"B", "area":"17", "bay":"10", "hid":"00", "Xaxis":"14500", "Yaxis":"2020" ,"type":"common","updateTime":0} 
{"nodeID":"1000119", "floor":"1", "zone":"B", "area":"17", "bay":"10", "hid":"00", "Xaxis":"14500", "Yaxis":"2015" ,"type":"common","updateTime":0} 
{"nodeID":"1000120", "floor":"1", "zone":"B", "area":"17", "bay":"10", "hid":"00", "Xaxis":"14500", "Yaxis":"2010" ,"type":"common","updateTime":0} 
{"nodeID":"1000121", "floor":"1", "zone":"B", "area":"17", "bay":"10", "hid":"00", "Xaxis":"14500", "Yaxis":"2005" ,"type":"common","updateTime":0} 
{"nodeID":"1000122", "floor":"1", "zone":"B", "area":"17", "bay":"10", "hid":"00", "Xaxis":"14500", "Yaxis":"2000" ,"type":"common","updateTime":0} 
{"nodeID":"1000123", "floor":"1", "zone":"B", "area":"17", "bay":"10", "hid":"00", "Xaxis":"14500", "Yaxis":"1995" ,"type":"common","updateTime":0} 
{"nodeID":"1000124", "floor":"1", "zone":"B", "area":"17", "bay":"10", "hid":"00", "Xaxis":"14500", "Yaxis":"1990" ,"type":"common","updateTime":0} 
{"nodeID":"1000125", "floor":"1", "zone":"B", "area":"17", "bay":"10", "hid":"00", "Xaxis":"14500", "Yaxis":"1985" ,"type":"common","updateTime":0} 
{"nodeID":"1000126", "floor":"1", "zone":"B", "area":"17", "bay":"10", "hid":"00", "Xaxis":"14500", "Yaxis":"1980" ,"type":"common","updateTime":0} 
{"nodeID":"1000127", "floor":"1", "zone":"B", "area":"17", "bay":"10", "hid":"00", "Xaxis":"14500", "Yaxis":"1975" ,"type":"common","updateTime":0} 
{"nodeID":"1000128", "floor":"1", "zone":"B", "area":"17", "bay":"10", "hid":"00", "Xaxis":"14500", "Yaxis":"1965" ,"type":"common","updateTime":0} 
{"nodeID":"1000129", "floor":"1", "zone":"B", "area":"17", "bay":"10", "hid":"00", "Xaxis":"14500", "Yaxis":"1955" ,"type":"common","updateTime":0} 
{"nodeID":"1000130", "floor":"1", "zone":"B", "area":"17", "bay":"10", "hid":"00", "Xaxis":"14500", "Yaxis":"1945" ,"type":"common","updateTime":0} 
{"nodeID":"1000131", "floor":"1", "zone":"B", "area":"17", "bay":"10", "hid":"00", "Xaxis":"14500", "Yaxis":"1940" ,"type":"common","updateTime":0} 
{"nodeID":"1000132", "floor":"1", "zone":"B", "area":"17", "bay":"10", "hid":"00", "Xaxis":"14500", "Yaxis":"1935" ,"type":"common","updateTime":0} 
{"nodeID":"1000133", "floor":"1", "zone":"B", "area":"17", "bay":"10", "hid":"00", "Xaxis":"14500", "Yaxis":"1915" ,"type":"common","updateTime":0} 
{"nodeID":"1000134", "floor":"1", "zone":"B", "area":"17", "bay":"10", "hid":"00", "Xaxis":"14500", "Yaxis":"1895" ,"type":"common","updateTime":0} 
{"nodeID":"1000135", "floor":"1", "zone":"B", "area":"17", "bay":"10", "hid":"00", "Xaxis":"14500", "Yaxis":"1865" ,"type":"common","updateTime":0} 
{"nodeID":"1000136", "floor":"1", "zone":"B", "area":"17", "bay":"10", "hid":"00", "Xaxis":"14500", "Yaxis":"1860" ,"type":"common","updateTime":0} 
{"nodeID":"1000137", "floor":"1", "zone":"B", "area":"17", "bay":"10", "hid":"00", "Xaxis":"14500", "Yaxis":"1855" ,"type":"common","updateTime":0} 
{"nodeID":"1000138", "floor":"1", "zone":"B", "area":"17", "bay":"10", "hid":"00", "Xaxis":"14500", "Yaxis":"1850" ,"type":"common","updateTime":0} 
{"nodeID":"1000139", "floor":"1", "zone":"B", "area":"17", "bay":"10", "hid":"00", "Xaxis":"14500", "Yaxis":"1840" ,"type":"common","updateTime":0} 
{"nodeID":"1000140", "floor":"1", "zone":"B", "area":"17", "bay":"10", "hid":"00", "Xaxis":"14500", "Yaxis":"1830" ,"type":"common","updateTime":0} 
{"nodeID":"1000141", "floor":"1", "zone":"B", "area":"17", "bay":"10", "hid":"00", "Xaxis":"14500", "Yaxis":"1820" ,"type":"common","updateTime":0} 
{"nodeID":"1000142", "floor":"1", "zone":"B", "area":"17", "bay":"10", "hid":"00", "Xaxis":"14500", "Yaxis":"1800" ,"type":"common","updateTime":0} 
{"nodeID":"1000143", "floor":"1", "zone":"B", "area":"17", "bay":"10", "hid":"00", "Xaxis":"14500", "Yaxis":"1795" ,"type":"common","updateTime":0} 
{"nodeID":"1000144", "floor":"1", "zone":"B", "area":"17", "bay":"10", "hid":"00", "Xaxis":"14500", "Yaxis":"1775" ,"type":"common","updateTime":0} 
{"nodeID":"1000145", "floor":"1", "zone":"B", "area":"17", "bay":"10", "hid":"00", "Xaxis":"14500", "Yaxis":"1770" ,"type":"common","updateTime":0} 
{"nodeID":"1000146", "floor":"1", "zone":"B", "area":"17", "bay":"10", "hid":"00", "Xaxis":"14500", "Yaxis":"1740" ,"type":"common","updateTime":0} 
{"nodeID":"1000147", "floor":"1", "zone":"B", "area":"17", "bay":"10", "hid":"00", "Xaxis":"14500", "Yaxis":"1735" ,"type":"common","updateTime":0} 
{"nodeID":"1000148", "floor":"1", "zone":"B", "area":"17", "bay":"10", "hid":"00", "Xaxis":"14500", "Yaxis":"1730" ,"type":"common","updateTime":0} 
{"nodeID":"1000149", "floor":"1", "zone":"B", "area":"17", "bay":"10", "hid":"00", "Xaxis":"14500", "Yaxis":"1725" ,"type":"common","updateTime":0} 
{"nodeID":"1000150", "floor":"1", "zone":"B", "area":"17", "bay":"10", "hid":"00", "Xaxis":"14500", "Yaxis":"1720" ,"type":"common","updateTime":0} 
{"nodeID":"1000151", "floor":"1", "zone":"B", "area":"17", "bay":"10", "hid":"00", "Xaxis":"14500", "Yaxis":"1710" ,"type":"common","updateTime":0} 
{"nodeID":"1000152", "floor":"1", "zone":"B", "area":"17", "bay":"10", "hid":"00", "Xaxis":"14500", "Yaxis":"1700" ,"type":"common","updateTime":0} 
{"nodeID":"1000153", "floor":"1", "zone":"B", "area":"17", "bay":"10", "hid":"00", "Xaxis":"14500", "Yaxis":"1695" ,"type":"common","updateTime":0} 
{"nodeID":"1000154", "floor":"1", "zone":"B", "area":"17", "bay":"10", "hid":"00", "Xaxis":"14500", "Yaxis":"1690" ,"type":"common","updateTime":0} 
{"nodeID":"1000155", "floor":"1", "zone":"B", "area":"17", "bay":"10", "hid":"00", "Xaxis":"14500", "Yaxis":"1685" ,"type":"common","updateTime":0} 
{"nodeID":"1000156", "floor":"1", "zone":"B", "area":"17", "bay":"10", "hid":"00", "Xaxis":"14500", "Yaxis":"1680" ,"type":"common","updateTime":0} 
{"nodeID":"1000157", "floor":"1", "zone":"B", "area":"17", "bay":"10", "hid":"00", "Xaxis":"14500", "Yaxis":"1675" ,"type":"common","updateTime":0} 
{"nodeID":"1000158", "floor":"1", "zone":"B", "area":"17", "bay":"10", "hid":"00", "Xaxis":"14500", "Yaxis":"1665" ,"type":"common","updateTime":0} 
{"nodeID":"1000159", "floor":"1", "zone":"B", "area":"17", "bay":"10", "hid":"00", "Xaxis":"14500", "Yaxis":"1655" ,"type":"common","updateTime":0} 
{"nodeID":"1000160", "floor":"1", "zone":"B", "area":"17", "bay":"10", "hid":"00", "Xaxis":"14500", "Yaxis":"1645" ,"type":"common","updateTime":0} 
{"nodeID":"1000161", "floor":"1", "zone":"B", "area":"17", "bay":"10", "hid":"00", "Xaxis":"14500", "Yaxis":"1635" ,"type":"common","updateTime":0} 
{"nodeID":"1000162", "floor":"1", "zone":"B", "area":"17", "bay":"10", "hid":"00", "Xaxis":"14500", "Yaxis":"1630" ,"type":"common","updateTime":0} 
{"nodeID":"1000163", "floor":"1", "zone":"B", "area":"17", "bay":"10", "hid":"00", "Xaxis":"14500", "Yaxis":"1625" ,"type":"common","updateTime":0} 
{"nodeID":"1000164", "floor":"1", "zone":"B", "area":"17", "bay":"10", "hid":"00", "Xaxis":"14500", "Yaxis":"1620" ,"type":"common","updateTime":0} 
{"nodeID":"1000165", "floor":"1", "zone":"B", "area":"17", "bay":"10", "hid":"00", "Xaxis":"14500", "Yaxis":"1615" ,"type":"common","updateTime":0} 
{"nodeID":"1000166", "floor":"1", "zone":"B", "area":"17", "bay":"10", "hid":"00", "Xaxis":"14500", "Yaxis":"1610" ,"type":"common","updateTime":0} 
{"nodeID":"1000167", "floor":"1", "zone":"B", "area":"17", "bay":"10", "hid":"00", "Xaxis":"14500", "Yaxis":"1605" ,"type":"common","updateTime":0} 
{"nodeID":"1000168", "floor":"1", "zone":"B", "area":"17", "bay":"10", "hid":"00", "Xaxis":"14500", "Yaxis":"1600" ,"type":"common","updateTime":0} 
{"nodeID":"1000169", "floor":"1", "zone":"B", "area":"17", "bay":"10", "hid":"00", "Xaxis":"14500", "Yaxis":"1595" ,"type":"common","updateTime":0} 
{"nodeID":"1000170", "floor":"1", "zone":"B", "area":"17", "bay":"10", "hid":"00", "Xaxis":"14500", "Yaxis":"1590" ,"type":"common","updateTime":0} 
{"nodeID":"1000171", "floor":"1", "zone":"B", "area":"17", "bay":"10", "hid":"00", "Xaxis":"14500", "Yaxis":"1585" ,"type":"common","updateTime":0} 
{"nodeID":"1000172", "floor":"1", "zone":"B", "area":"17", "bay":"10", "hid":"00", "Xaxis":"14500", "Yaxis":"1565" ,"type":"common","updateTime":0} 
{"nodeID":"1000173", "floor":"1", "zone":"B", "area":"17", "bay":"10", "hid":"00", "Xaxis":"14500", "Yaxis":"1545" ,"type":"common","updateTime":0} 
{"nodeID":"1000174", "floor":"1", "zone":"B", "area":"17", "bay":"10", "hid":"00", "Xaxis":"14500", "Yaxis":"1525" ,"type":"common","updateTime":0} 
{"nodeID":"1000175", "floor":"1", "zone":"B", "area":"17", "bay":"10", "hid":"00", "Xaxis":"14500", "Yaxis":"1505" ,"type":"common","updateTime":0} 
{"nodeID":"1000176", "floor":"1", "zone":"B", "area":"17", "bay":"10", "hid":"00", "Xaxis":"14500", "Yaxis":"1485" ,"type":"common","updateTime":0} 
{"nodeID":"1000177", "floor":"1", "zone":"B", "area":"17", "bay":"10", "hid":"00", "Xaxis":"14500", "Yaxis":"1455" ,"type":"common","updateTime":0} 
{"nodeID":"1000178", "floor":"1", "zone":"B", "area":"17", "bay":"10", "hid":"00", "Xaxis":"14500", "Yaxis":"1450" ,"type":"common","updateTime":0} 
{"nodeID":"1000179", "floor":"1", "zone":"B", "area":"17", "bay":"10", "hid":"00", "Xaxis":"14500", "Yaxis":"1445" ,"type":"common","updateTime":0} 
{"nodeID":"1000180", "floor":"1", "zone":"B", "area":"17", "bay":"10", "hid":"00", "Xaxis":"14500", "Yaxis":"1440" ,"type":"common","updateTime":0} 
{"nodeID":"1000181", "floor":"1", "zone":"B", "area":"17", "bay":"10", "hid":"00", "Xaxis":"14500", "Yaxis":"1435" ,"type":"common","updateTime":0} 
{"nodeID":"1000182", "floor":"1", "zone":"B", "area":"17", "bay":"10", "hid":"00", "Xaxis":"14500", "Yaxis":"1430" ,"type":"common","updateTime":0} 
{"nodeID":"1000183", "floor":"1", "zone":"B", "area":"17", "bay":"10", "hid":"00", "Xaxis":"14500", "Yaxis":"1425" ,"type":"common","updateTime":0} 
{"nodeID":"1000184", "floor":"1", "zone":"B", "area":"17", "bay":"10", "hid":"00", "Xaxis":"14500", "Yaxis":"1415" ,"type":"common","updateTime":0} 
{"nodeID":"1000185", "floor":"1", "zone":"B", "area":"17", "bay":"10", "hid":"00", "Xaxis":"14500", "Yaxis":"1405" ,"type":"common","updateTime":0} 
{"nodeID":"1000186", "floor":"1", "zone":"B", "area":"17", "bay":"10", "hid":"00", "Xaxis":"14500", "Yaxis":"1395" ,"type":"common","updateTime":0} 
{"nodeID":"1000187", "floor":"1", "zone":"B", "area":"17", "bay":"10", "hid":"00", "Xaxis":"14500", "Yaxis":"1385" ,"type":"common","updateTime":0} 
{"nodeID":"1000188", "floor":"1", "zone":"B", "area":"17", "bay":"10", "hid":"00", "Xaxis":"14500", "Yaxis":"1355" ,"type":"common","updateTime":0} 
{"nodeID":"1000189", "floor":"1", "zone":"B", "area":"17", "bay":"10", "hid":"00", "Xaxis":"14500", "Yaxis":"1325" ,"type":"common","updateTime":0} 
{"nodeID":"1000190", "floor":"1", "zone":"B", "area":"17", "bay":"10", "hid":"00", "Xaxis":"14500", "Yaxis":"1315" ,"type":"common","updateTime":0} 
{"nodeID":"1000191", "floor":"1", "zone":"B", "area":"17", "bay":"10", "hid":"00", "Xaxis":"14500", "Yaxis":"1295" ,"type":"common","updateTime":0} 
{"nodeID":"1000192", "floor":"1", "zone":"B", "area":"17", "bay":"10", "hid":"00", "Xaxis":"14500", "Yaxis":"1285" ,"type":"common","updateTime":0} 
{"nodeID":"1000193", "floor":"1", "zone":"B", "area":"17", "bay":"10", "hid":"00", "Xaxis":"14500", "Yaxis":"1275" ,"type":"common","updateTime":0} 
{"nodeID":"1000194", "floor":"1", "zone":"B", "area":"17", "bay":"10", "hid":"00", "Xaxis":"14500", "Yaxis":"1245" ,"type":"common","updateTime":0} 
{"nodeID":"1000195", "floor":"1", "zone":"B", "area":"17", "bay":"10", "hid":"00", "Xaxis":"14500", "Yaxis":"1215" ,"type":"common","updateTime":0} 
{"nodeID":"1000196", "floor":"1", "zone":"B", "area":"17", "bay":"10", "hid":"00", "Xaxis":"14500", "Yaxis":"1210" ,"type":"common","updateTime":0} 
{"nodeID":"1000197", "floor":"1", "zone":"B", "area":"17", "bay":"10", "hid":"00", "Xaxis":"14500", "Yaxis":"1205" ,"type":"common","updateTime":0} 
{"nodeID":"1000198", "floor":"1", "zone":"B", "area":"17", "bay":"10", "hid":"00", "Xaxis":"14500", "Yaxis":"1200" ,"type":"common","updateTime":0} 
{"nodeID":"1000199", "floor":"1", "zone":"B", "area":"17", "bay":"10", "hid":"00", "Xaxis":"14500", "Yaxis":"1195" ,"type":"common","updateTime":0} 
{"nodeID":"1000200", "floor":"1", "zone":"B", "area":"17", "bay":"10", "hid":"00", "Xaxis":"14500", "Yaxis":"1190" ,"type":"common","updateTime":0} 
{"nodeID":"1000201", "floor":"1", "zone":"B", "area":"17", "bay":"10", "hid":"00", "Xaxis":"14500", "Yaxis":"1185" ,"type":"common","updateTime":0} 
{"nodeID":"1000202", "floor":"1", "zone":"B", "area":"17", "bay":"10", "hid":"00", "Xaxis":"14500", "Yaxis":"1175" ,"type":"common","updateTime":0} 
{"nodeID":"1000203", "floor":"1", "zone":"B", "area":"17", "bay":"10", "hid":"00", "Xaxis":"14500", "Yaxis":"1165" ,"type":"common","updateTime":0} 
{"nodeID":"1000204", "floor":"1", "zone":"B", "area":"17", "bay":"10", "hid":"00", "Xaxis":"14500", "Yaxis":"1155" ,"type":"common","updateTime":0} 
{"nodeID":"1000205", "floor":"1", "zone":"B", "area":"17", "bay":"10", "hid":"00", "Xaxis":"14500", "Yaxis":"1150" ,"type":"common","updateTime":0} 
{"nodeID":"1000206", "floor":"1", "zone":"B", "area":"17", "bay":"10", "hid":"00", "Xaxis":"14500", "Yaxis":"1130" ,"type":"common","updateTime":0} 
{"nodeID":"1000207", "floor":"1", "zone":"B", "area":"17", "bay":"10", "hid":"00", "Xaxis":"14500", "Yaxis":"1120" ,"type":"common","updateTime":0} 
{"nodeID":"1000208", "floor":"1", "zone":"B", "area":"17", "bay":"10", "hid":"00", "Xaxis":"14500", "Yaxis":"1115" ,"type":"common","updateTime":0} 
{"nodeID":"1000209", "floor":"1", "zone":"B", "area":"17", "bay":"10", "hid":"00", "Xaxis":"14500", "Yaxis":"1105" ,"type":"common","updateTime":0} 
{"nodeID":"1000210", "floor":"1", "zone":"B", "area":"17", "bay":"10", "hid":"00", "Xaxis":"14500", "Yaxis":"1100" ,"type":"common","updateTime":0} 
{"nodeID":"1000211", "floor":"1", "zone":"B", "area":"17", "bay":"10", "hid":"00", "Xaxis":"14500", "Yaxis":"1080" ,"type":"common","updateTime":0} 
{"nodeID":"1000212", "floor":"1", "zone":"B", "area":"17", "bay":"10", "hid":"00", "Xaxis":"14500", "Yaxis":"1070" ,"type":"common","updateTime":0} 
{"nodeID":"1000213", "floor":"1", "zone":"B", "area":"17", "bay":"10", "hid":"00", "Xaxis":"14500", "Yaxis":"1060" ,"type":"common","updateTime":0} 
{"nodeID":"1000214", "floor":"1", "zone":"B", "area":"17", "bay":"10", "hid":"00", "Xaxis":"14500", "Yaxis":"1055" ,"type":"common","updateTime":0} 
{"nodeID":"1000215", "floor":"1", "zone":"B", "area":"17", "bay":"10", "hid":"00", "Xaxis":"14500", "Yaxis":"1035" ,"type":"common","updateTime":0} 
{"nodeID":"1000216", "floor":"1", "zone":"B", "area":"17", "bay":"10", "hid":"00", "Xaxis":"14500", "Yaxis":"1015" ,"type":"common","updateTime":0} 
{"nodeID":"1000217", "floor":"1", "zone":"B", "area":"17", "bay":"10", "hid":"00", "Xaxis":"14500", "Yaxis":"1010" ,"type":"common","updateTime":0} 
{"nodeID":"1000218", "floor":"1", "zone":"B", "area":"17", "bay":"10", "hid":"00", "Xaxis":"14500", "Yaxis":"1005" ,"type":"common","updateTime":0} 
{"nodeID":"1000219", "floor":"1", "zone":"B", "area":"17", "bay":"10", "hid":"00", "Xaxis":"14500", "Yaxis":"1000" ,"type":"common","updateTime":0} 
{"nodeID":"1000220", "floor":"1", "zone":"B", "area":"17", "bay":"10", "hid":"00", "Xaxis":"14500", "Yaxis":"995" ,"type":"common","updateTime":0} 
{"nodeID":"1000221", "floor":"1", "zone":"B", "area":"17", "bay":"10", "hid":"00", "Xaxis":"14500", "Yaxis":"990" ,"type":"common","updateTime":0} 
{"nodeID":"1000222", "floor":"1", "zone":"B", "area":"17", "bay":"10", "hid":"00", "Xaxis":"14500", "Yaxis":"985" ,"type":"common","updateTime":0} 
{"nodeID":"1000223", "floor":"1", "zone":"B", "area":"17", "bay":"10", "hid":"00", "Xaxis":"14500", "Yaxis":"980" ,"type":"common","updateTime":0} 
{"nodeID":"1000224", "floor":"1", "zone":"B", "area":"17", "bay":"10", "hid":"00", "Xaxis":"14500", "Yaxis":"975" ,"type":"common","updateTime":0} 
{"nodeID":"1000225", "floor":"1", "zone":"B", "area":"17", "bay":"10", "hid":"00", "Xaxis":"14500", "Yaxis":"970" ,"type":"common","updateTime":0} 
{"nodeID":"1000226", "floor":"1", "zone":"B", "area":"17", "bay":"10", "hid":"00", "Xaxis":"14500", "Yaxis":"965" ,"type":"common","updateTime":0} 
{"nodeID":"1000227", "floor":"1", "zone":"B", "area":"17", "bay":"10", "hid":"00", "Xaxis":"14500", "Yaxis":"955" ,"type":"common","updateTime":0} 
{"nodeID":"1000228", "floor":"1", "zone":"B", "area":"17", "bay":"10", "hid":"00", "Xaxis":"14500", "Yaxis":"945" ,"type":"common","updateTime":0} 
{"nodeID":"1000229", "floor":"1", "zone":"B", "area":"17", "bay":"10", "hid":"00", "Xaxis":"14500", "Yaxis":"935" ,"type":"common","updateTime":0} 
{"nodeID":"1000230", "floor":"1", "zone":"B", "area":"17", "bay":"10", "hid":"00", "Xaxis":"14500", "Yaxis":"930" ,"type":"common","updateTime":0} 
{"nodeID":"1000231", "floor":"1", "zone":"B", "area":"17", "bay":"10", "hid":"00", "Xaxis":"14500", "Yaxis":"925" ,"type":"common","updateTime":0} 
{"nodeID":"1000232", "floor":"1", "zone":"B", "area":"17", "bay":"10", "hid":"00", "Xaxis":"14500", "Yaxis":"905" ,"type":"common","updateTime":0} 
{"nodeID":"1000233", "floor":"1", "zone":"B", "area":"17", "bay":"10", "hid":"00", "Xaxis":"14500", "Yaxis":"885" ,"type":"common","updateTime":0} 
{"nodeID":"1000234", "floor":"1", "zone":"B", "area":"17", "bay":"10", "hid":"00", "Xaxis":"14500", "Yaxis":"855" ,"type":"common","updateTime":0} 
{"nodeID":"1000235", "floor":"1", "zone":"B", "area":"17", "bay":"10", "hid":"00", "Xaxis":"14500", "Yaxis":"850" ,"type":"common","updateTime":0} 
{"nodeID":"1000236", "floor":"1", "zone":"B", "area":"17", "bay":"10", "hid":"00", "Xaxis":"14500", "Yaxis":"845" ,"type":"common","updateTime":0} 
{"nodeID":"1000237", "floor":"1", "zone":"B", "area":"17", "bay":"10", "hid":"00", "Xaxis":"14500", "Yaxis":"840" ,"type":"common","updateTime":0} 
{"nodeID":"1000238", "floor":"1", "zone":"B", "area":"17", "bay":"10", "hid":"00", "Xaxis":"14500", "Yaxis":"830" ,"type":"common","updateTime":0} 
{"nodeID":"1000239", "floor":"1", "zone":"B", "area":"17", "bay":"10", "hid":"00", "Xaxis":"14500", "Yaxis":"820" ,"type":"common","updateTime":0} 
{"nodeID":"1000240", "floor":"1", "zone":"B", "area":"17", "bay":"10", "hid":"00", "Xaxis":"14500", "Yaxis":"810" ,"type":"common","updateTime":0} 
{"nodeID":"1000241", "floor":"1", "zone":"B", "area":"17", "bay":"10", "hid":"00", "Xaxis":"14500", "Yaxis":"790" ,"type":"common","updateTime":0} 
{"nodeID":"1000242", "floor":"1", "zone":"B", "area":"17", "bay":"10", "hid":"00", "Xaxis":"14500", "Yaxis":"785" ,"type":"common","updateTime":0} 
{"nodeID":"1000243", "floor":"1", "zone":"B", "area":"17", "bay":"10", "hid":"00", "Xaxis":"14500", "Yaxis":"765" ,"type":"common","updateTime":0} 
{"nodeID":"1000244", "floor":"1", "zone":"B", "area":"17", "bay":"10", "hid":"00", "Xaxis":"14500", "Yaxis":"760" ,"type":"common","updateTime":0} 
{"nodeID":"1000245", "floor":"1", "zone":"B", "area":"17", "bay":"10", "hid":"00", "Xaxis":"14500", "Yaxis":"730" ,"type":"common","updateTime":0} 
{"nodeID":"1000246", "floor":"1", "zone":"B", "area":"17", "bay":"10", "hid":"00", "Xaxis":"14500", "Yaxis":"725" ,"type":"common","updateTime":0} 
{"nodeID":"1000247", "floor":"1", "zone":"B", "area":"17", "bay":"10", "hid":"00", "Xaxis":"14500", "Yaxis":"720" ,"type":"common","updateTime":0} 
{"nodeID":"1000248", "floor":"1", "zone":"B", "area":"17", "bay":"10", "hid":"00", "Xaxis":"14500", "Yaxis":"715" ,"type":"common","updateTime":0} 
{"nodeID":"1000249", "floor":"1", "zone":"B", "area":"17", "bay":"10", "hid":"00", "Xaxis":"14500", "Yaxis":"710" ,"type":"common","updateTime":0} 
{"nodeID":"1000250", "floor":"1", "zone":"B", "area":"17", "bay":"10", "hid":"00", "Xaxis":"14500", "Yaxis":"700" ,"type":"common","updateTime":0} 
{"nodeID":"1000251", "floor":"1", "zone":"B", "area":"17", "bay":"10", "hid":"00", "Xaxis":"14500", "Yaxis":"690" ,"type":"common","updateTime":0} 
{"nodeID":"1000252", "floor":"1", "zone":"B", "area":"17", "bay":"10", "hid":"00", "Xaxis":"14500", "Yaxis":"685" ,"type":"common","updateTime":0} 
{"nodeID":"1000253", "floor":"1", "zone":"B", "area":"17", "bay":"10", "hid":"00", "Xaxis":"14500", "Yaxis":"680" ,"type":"common","updateTime":0} 
{"nodeID":"1000254", "floor":"1", "zone":"B", "area":"17", "bay":"10", "hid":"00", "Xaxis":"14500", "Yaxis":"675" ,"type":"common","updateTime":0} 
{"nodeID":"1000255", "floor":"1", "zone":"B", "area":"17", "bay":"10", "hid":"00", "Xaxis":"14500", "Yaxis":"670" ,"type":"common","updateTime":0} 
{"nodeID":"1000256", "floor":"1", "zone":"B", "area":"17", "bay":"10", "hid":"00", "Xaxis":"14500", "Yaxis":"660" ,"type":"common","updateTime":0} 
{"nodeID":"1000257", "floor":"1", "zone":"B", "area":"17", "bay":"10", "hid":"00", "Xaxis":"14500", "Yaxis":"650" ,"type":"common","updateTime":0} 
{"nodeID":"1000258", "floor":"1", "zone":"B", "area":"17", "bay":"10", "hid":"00", "Xaxis":"14500", "Yaxis":"640" ,"type":"common","updateTime":0} 
{"nodeID":"1000259", "floor":"1", "zone":"B", "area":"17", "bay":"10", "hid":"00", "Xaxis":"14500", "Yaxis":"630" ,"type":"common","updateTime":0} 
{"nodeID":"1000260", "floor":"1", "zone":"B", "area":"17", "bay":"10", "hid":"00", "Xaxis":"14500", "Yaxis":"625" ,"type":"common","updateTime":0} 
{"nodeID":"1000261", "floor":"1", "zone":"B", "area":"17", "bay":"10", "hid":"00", "Xaxis":"14500", "Yaxis":"620" ,"type":"common","updateTime":0} 
{"nodeID":"1000262", "floor":"1", "zone":"B", "area":"17", "bay":"10", "hid":"00", "Xaxis":"14500", "Yaxis":"615" ,"type":"common","updateTime":0} 
{"nodeID":"1000263", "floor":"1", "zone":"B", "area":"17", "bay":"10", "hid":"00", "Xaxis":"14500", "Yaxis":"610" ,"type":"common","updateTime":0} 
{"nodeID":"1000264", "floor":"1", "zone":"B", "area":"17", "bay":"10", "hid":"00", "Xaxis":"14500", "Yaxis":"605" ,"type":"common","updateTime":0} 
{"nodeID":"1000265", "floor":"1", "zone":"B", "area":"17", "bay":"10", "hid":"00", "Xaxis":"14500", "Yaxis":"600" ,"type":"common","updateTime":0} 
{"nodeID":"1000266", "floor":"1", "zone":"B", "area":"17", "bay":"10", "hid":"00", "Xaxis":"14500", "Yaxis":"595" ,"type":"common","updateTime":0} 
{"nodeID":"1000267", "floor":"1", "zone":"B", "area":"17", "bay":"10", "hid":"00", "Xaxis":"14500", "Yaxis":"590" ,"type":"common","updateTime":0} 
{"nodeID":"1000268", "floor":"1", "zone":"B", "area":"17", "bay":"10", "hid":"00", "Xaxis":"14500", "Yaxis":"585" ,"type":"common","updateTime":0} 
{"nodeID":"1000269", "floor":"1", "zone":"B", "area":"17", "bay":"10", "hid":"00", "Xaxis":"14500", "Yaxis":"580" ,"type":"common","updateTime":0} 
{"nodeID":"1000270", "floor":"1", "zone":"B", "area":"17", "bay":"10", "hid":"00", "Xaxis":"14500", "Yaxis":"560" ,"type":"common","updateTime":0} 
{"nodeID":"1000271", "floor":"1", "zone":"B", "area":"17", "bay":"10", "hid":"00", "Xaxis":"14500", "Yaxis":"540" ,"type":"common","updateTime":0} 
{"nodeID":"1000272", "floor":"1", "zone":"B", "area":"17", "bay":"10", "hid":"00", "Xaxis":"14500", "Yaxis":"520" ,"type":"common","updateTime":0} 
{"nodeID":"1000273", "floor":"1", "zone":"B", "area":"17", "bay":"10", "hid":"00", "Xaxis":"14500", "Yaxis":"500" ,"type":"common","updateTime":0} 
{"nodeID":"1000274", "floor":"1", "zone":"B", "area":"17", "bay":"10", "hid":"00", "Xaxis":"14500", "Yaxis":"480" ,"type":"common","updateTime":0} 
{"nodeID":"1000275", "floor":"1", "zone":"B", "area":"17", "bay":"10", "hid":"00", "Xaxis":"14500", "Yaxis":"450" ,"type":"common","updateTime":0} 
{"nodeID":"1000276", "floor":"1", "zone":"B", "area":"17", "bay":"10", "hid":"00", "Xaxis":"14500", "Yaxis":"445" ,"type":"common","updateTime":0} 
{"nodeID":"1000277", "floor":"1", "zone":"B", "area":"17", "bay":"10", "hid":"00", "Xaxis":"14500", "Yaxis":"440" ,"type":"common","updateTime":0} 
{"nodeID":"1000278", "floor":"1", "zone":"B", "area":"17", "bay":"10", "hid":"00", "Xaxis":"14500", "Yaxis":"435" ,"type":"common","updateTime":0} 
{"nodeID":"1000279", "floor":"1", "zone":"B", "area":"17", "bay":"10", "hid":"00", "Xaxis":"14500", "Yaxis":"430" ,"type":"common","updateTime":0} 
{"nodeID":"1000280", "floor":"1", "zone":"B", "area":"17", "bay":"10", "hid":"00", "Xaxis":"14500", "Yaxis":"425" ,"type":"common","updateTime":0} 
{"nodeID":"1000281", "floor":"1", "zone":"B", "area":"17", "bay":"10", "hid":"00", "Xaxis":"14500", "Yaxis":"420" ,"type":"common","updateTime":0} 
{"nodeID":"1001001", "floor":"1", "zone":"B", "area":"17", "bay":"10", "hid":"00", "Xaxis":"14505", "Yaxis":"420" ,"type":"curve","updateTime":0} 
{"nodeID":"1001002", "floor":"1", "zone":"B", "area":"17", "bay":"10", "hid":"00", "Xaxis":"14510", "Yaxis":"418" ,"type":"curve","updateTime":0} 
{"nodeID":"1001003", "floor":"1", "zone":"B", "area":"17", "bay":"10", "hid":"00", "Xaxis":"14520", "Yaxis":"417" ,"type":"curve","updateTime":0} 
{"nodeID":"1001004", "floor":"1", "zone":"B", "area":"17", "bay":"10", "hid":"00", "Xaxis":"14530", "Yaxis":"416" ,"type":"curve","updateTime":0} 
{"nodeID":"1001005", "floor":"1", "zone":"B", "area":"17", "bay":"10", "hid":"00", "Xaxis":"14540", "Yaxis":"415" ,"type":"curve","updateTime":0} 
{"nodeID":"1001006", "floor":"1", "zone":"B", "area":"17", "bay":"10", "hid":"00", "Xaxis":"14550", "Yaxis":"414" ,"type":"curve","updateTime":0} 
{"nodeID":"1001007", "floor":"1", "zone":"B", "area":"17", "bay":"10", "hid":"00", "Xaxis":"14560", "Yaxis":"413" ,"type":"curve","updateTime":0} 
{"nodeID":"1001008", "floor":"1", "zone":"B", "area":"17", "bay":"10", "hid":"00", "Xaxis":"14570", "Yaxis":"412" ,"type":"curve","updateTime":0} 
{"nodeID":"1001009", "floor":"1", "zone":"B", "area":"17", "bay":"10", "hid":"00", "Xaxis":"14580", "Yaxis":"411" ,"type":"curve","updateTime":0} 
{"nodeID":"1001010", "floor":"1", "zone":"B", "area":"17", "bay":"10", "hid":"00", "Xaxis":"14590", "Yaxis":"410" ,"type":"curve","updateTime":0} 
{"nodeID":"1001011", "floor":"1", "zone":"B", "area":"17", "bay":"10", "hid":"00", "Xaxis":"14600", "Yaxis":"409" ,"type":"curve","updateTime":0} 
{"nodeID":"1001012", "floor":"1", "zone":"B", "area":"17", "bay":"10", "hid":"00", "Xaxis":"14610", "Yaxis":"408" ,"type":"curve","updateTime":0} 
{"nodeID":"1001013", "floor":"1", "zone":"B", "area":"17", "bay":"10", "hid":"00", "Xaxis":"14620", "Yaxis":"407" ,"type":"curve","updateTime":0} 
{"nodeID":"1001014", "floor":"1", "zone":"B", "area":"17", "bay":"10", "hid":"00", "Xaxis":"14630", "Yaxis":"406" ,"type":"curve","updateTime":0} 
{"nodeID":"1001015", "floor":"1", "zone":"B", "area":"17", "bay":"10", "hid":"00", "Xaxis":"14640", "Yaxis":"405" ,"type":"curve","updateTime":0} 
{"nodeID":"1001016", "floor":"1", "zone":"B", "area":"17", "bay":"10", "hid":"00", "Xaxis":"14650", "Yaxis":"404" ,"type":"curve","updateTime":0} 
{"nodeID":"1001017", "floor":"1", "zone":"B", "area":"17", "bay":"10", "hid":"00", "Xaxis":"14660", "Yaxis":"403" ,"type":"curve","updateTime":0} 
{"nodeID":"1001018", "floor":"1", "zone":"B", "area":"17", "bay":"10", "hid":"00", "Xaxis":"14670", "Yaxis":"402" ,"type":"curve","updateTime":0} 
{"nodeID":"1001019", "floor":"1", "zone":"B", "area":"17", "bay":"10", "hid":"00", "Xaxis":"14680", "Yaxis":"401" ,"type":"curve","updateTime":0} 
{"nodeID":"1001020", "floor":"1", "zone":"B", "area":"17", "bay":"10", "hid":"00", "Xaxis":"14690", "Yaxis":"400" ,"type":"curve","updateTime":0} 
{"nodeID":"1001021", "floor":"1", "zone":"B", "area":"17", "bay":"10", "hid":"00", "Xaxis":"14700", "Yaxis":"399" ,"type":"curve","updateTime":0} 
{"nodeID":"1001022", "floor":"1", "zone":"B", "area":"17", "bay":"10", "hid":"00", "Xaxis":"14710", "Yaxis":"400" ,"type":"curve","updateTime":0} 
{"nodeID":"1001023", "floor":"1", "zone":"B", "area":"17", "bay":"10", "hid":"00", "Xaxis":"14720", "Yaxis":"401" ,"type":"curve","updateTime":0} 
{"nodeID":"1001024", "floor":"1", "zone":"B", "area":"17", "bay":"10", "hid":"00", "Xaxis":"14730", "Yaxis":"402" ,"type":"curve","updateTime":0} 
{"nodeID":"1001025", "floor":"1", "zone":"B", "area":"17", "bay":"10", "hid":"00", "Xaxis":"14740", "Yaxis":"403" ,"type":"curve","updateTime":0} 
{"nodeID":"1001026", "floor":"1", "zone":"B", "area":"17", "bay":"10", "hid":"00", "Xaxis":"14750", "Yaxis":"404" ,"type":"curve","updateTime":0} 
{"nodeID":"1001027", "floor":"1", "zone":"B", "area":"17", "bay":"10", "hid":"00", "Xaxis":"14760", "Yaxis":"405" ,"type":"curve","updateTime":0} 
{"nodeID":"1001028", "floor":"1", "zone":"B", "area":"17", "bay":"10", "hid":"00", "Xaxis":"14770", "Yaxis":"406" ,"type":"curve","updateTime":0} 
{"nodeID":"1001029", "floor":"1", "zone":"B", "area":"17", "bay":"10", "hid":"00", "Xaxis":"14780", "Yaxis":"407" ,"type":"curve","updateTime":0} 
{"nodeID":"1001030", "floor":"1", "zone":"B", "area":"17", "bay":"10", "hid":"00", "Xaxis":"14790", "Yaxis":"408" ,"type":"curve","updateTime":0} 
{"nodeID":"1001031", "floor":"1", "zone":"B", "area":"17", "bay":"10", "hid":"00", "Xaxis":"14800", "Yaxis":"409" ,"type":"curve","updateTime":0} 
{"nodeID":"1001032", "floor":"1", "zone":"B", "area":"17", "bay":"10", "hid":"00", "Xaxis":"14810", "Yaxis":"410" ,"type":"curve","updateTime":0} 
{"nodeID":"1001033", "floor":"1", "zone":"B", "area":"17", "bay":"10", "hid":"00", "Xaxis":"14820", "Yaxis":"411" ,"type":"curve","updateTime":0} 
{"nodeID":"1001034", "floor":"1", "zone":"B", "area":"17", "bay":"10", "hid":"00", "Xaxis":"14830", "Yaxis":"412" ,"type":"curve","updateTime":0} 
{"nodeID":"1001035", "floor":"1", "zone":"B", "area":"17", "bay":"10", "hid":"00", "Xaxis":"14840", "Yaxis":"413" ,"type":"curve","updateTime":0} 
{"nodeID":"1001036", "floor":"1", "zone":"B", "area":"17", "bay":"10", "hid":"00", "Xaxis":"14850", "Yaxis":"414" ,"type":"curve","updateTime":0} 
{"nodeID":"1001037", "floor":"1", "zone":"B", "area":"17", "bay":"10", "hid":"00", "Xaxis":"14860", "Yaxis":"415" ,"type":"curve","updateTime":0} 
{"nodeID":"1001038", "floor":"1", "zone":"B", "area":"17", "bay":"10", "hid":"00", "Xaxis":"14870", "Yaxis":"416" ,"type":"curve","updateTime":0} 
{"nodeID":"1001039", "floor":"1", "zone":"B", "area":"17", "bay":"10", "hid":"00", "Xaxis":"14880", "Yaxis":"417" ,"type":"curve","updateTime":0} 
{"nodeID":"1001040", "floor":"1", "zone":"B", "area":"17", "bay":"10", "hid":"00", "Xaxis":"14890", "Yaxis":"418" ,"type":"curve","updateTime":0} 
{"nodeID":"1001041", "floor":"1", "zone":"B", "area":"17", "bay":"10", "hid":"00", "Xaxis":"14900", "Yaxis":"419" ,"type":"curve","updateTime":0} 
{"nodeID":"1002001", "floor":"1", "zone":"B", "area":"17", "bay":"10", "hid":"00", "Xaxis":"14900", "Yaxis":"420" ,"type":"common","updateTime":0} 
{"nodeID":"1002002", "floor":"1", "zone":"B", "area":"17", "bay":"10", "hid":"00", "Xaxis":"14900", "Yaxis":"450" ,"type":"common","updateTime":0} 
{"nodeID":"1002003", "floor":"1", "zone":"B", "area":"17", "bay":"10", "hid":"00", "Xaxis":"14900", "Yaxis":"480" ,"type":"common","updateTime":0} 
{"nodeID":"1002004", "floor":"1", "zone":"B", "area":"17", "bay":"10", "hid":"00", "Xaxis":"14900", "Yaxis":"490" ,"type":"common","updateTime":0} 
{"nodeID":"1002005", "floor":"1", "zone":"B", "area":"17", "bay":"10", "hid":"00", "Xaxis":"14900", "Yaxis":"500" ,"type":"common","updateTime":0} 
{"nodeID":"1002006", "floor":"1", "zone":"B", "area":"17", "bay":"10", "hid":"00", "Xaxis":"14900", "Yaxis":"520" ,"type":"common","updateTime":0} 
{"nodeID":"1002007", "floor":"1", "zone":"B", "area":"17", "bay":"10", "hid":"00", "Xaxis":"14900", "Yaxis":"530" ,"type":"common","updateTime":0} 
{"nodeID":"1002008", "floor":"1", "zone":"B", "area":"17", "bay":"10", "hid":"00", "Xaxis":"14900", "Yaxis":"550" ,"type":"common","updateTime":0} 
{"nodeID":"1002009", "floor":"1", "zone":"B", "area":"17", "bay":"10", "hid":"00", "Xaxis":"14900", "Yaxis":"580" ,"type":"common","updateTime":0} 
{"nodeID":"1002010", "floor":"1", "zone":"B", "area":"17", "bay":"10", "hid":"00", "Xaxis":"14900", "Yaxis":"590" ,"type":"common","updateTime":0} 
{"nodeID":"1002011", "floor":"1", "zone":"B", "area":"17", "bay":"10", "hid":"00", "Xaxis":"14900", "Yaxis":"600" ,"type":"common","updateTime":0} 
{"nodeID":"1002012", "floor":"1", "zone":"B", "area":"17", "bay":"10", "hid":"00", "Xaxis":"14900", "Yaxis":"610" ,"type":"common","updateTime":0} 
{"nodeID":"1002013", "floor":"1", "zone":"B", "area":"17", "bay":"10", "hid":"00", "Xaxis":"14900", "Yaxis":"620" ,"type":"common","updateTime":0} 
{"nodeID":"1002014", "floor":"1", "zone":"B", "area":"17", "bay":"10", "hid":"00", "Xaxis":"14900", "Yaxis":"625" ,"type":"common","updateTime":0} 
{"nodeID":"1002015", "floor":"1", "zone":"B", "area":"17", "bay":"10", "hid":"00", "Xaxis":"14900", "Yaxis":"630" ,"type":"common","updateTime":0} 
{"nodeID":"1002016", "floor":"1", "zone":"B", "area":"17", "bay":"10", "hid":"00", "Xaxis":"14900", "Yaxis":"635" ,"type":"common","updateTime":0} 
{"nodeID":"1002017", "floor":"1", "zone":"B", "area":"17", "bay":"10", "hid":"00", "Xaxis":"14900", "Yaxis":"640" ,"type":"common","updateTime":0} 
{"nodeID":"1002018", "floor":"1", "zone":"B", "area":"17", "bay":"10", "hid":"00", "Xaxis":"14900", "Yaxis":"645" ,"type":"common","updateTime":0} 
{"nodeID":"1002019", "floor":"1", "zone":"B", "area":"17", "bay":"10", "hid":"00", "Xaxis":"14900", "Yaxis":"650" ,"type":"common","updateTime":0} 
{"nodeID":"1002020", "floor":"1", "zone":"B", "area":"17", "bay":"10", "hid":"00", "Xaxis":"14900", "Yaxis":"680" ,"type":"common","updateTime":0} 
{"nodeID":"1002021", "floor":"1", "zone":"B", "area":"17", "bay":"10", "hid":"00", "Xaxis":"14900", "Yaxis":"700" ,"type":"common","updateTime":0} 
{"nodeID":"1002022", "floor":"1", "zone":"B", "area":"17", "bay":"10", "hid":"00", "Xaxis":"14900", "Yaxis":"720" ,"type":"common","updateTime":0} 
{"nodeID":"1002023", "floor":"1", "zone":"B", "area":"17", "bay":"10", "hid":"00", "Xaxis":"14900", "Yaxis":"730" ,"type":"common","updateTime":0} 
{"nodeID":"1002024", "floor":"1", "zone":"B", "area":"17", "bay":"10", "hid":"00", "Xaxis":"14900", "Yaxis":"750" ,"type":"common","updateTime":0} 
{"nodeID":"1002025", "floor":"1", "zone":"B", "area":"17", "bay":"10", "hid":"00", "Xaxis":"14900", "Yaxis":"770" ,"type":"common","updateTime":0} 
{"nodeID":"1002026", "floor":"1", "zone":"B", "area":"17", "bay":"10", "hid":"00", "Xaxis":"14900", "Yaxis":"775" ,"type":"common","updateTime":0} 
{"nodeID":"1002027", "floor":"1", "zone":"B", "area":"17", "bay":"10", "hid":"00", "Xaxis":"14900", "Yaxis":"780" ,"type":"common","updateTime":0} 
{"nodeID":"1002028", "floor":"1", "zone":"B", "area":"17", "bay":"10", "hid":"00", "Xaxis":"14900", "Yaxis":"785" ,"type":"common","updateTime":0} 
{"nodeID":"1002029", "floor":"1", "zone":"B", "area":"17", "bay":"10", "hid":"00", "Xaxis":"14900", "Yaxis":"790" ,"type":"common","updateTime":0} 
{"nodeID":"1002030", "floor":"1", "zone":"B", "area":"17", "bay":"10", "hid":"00", "Xaxis":"14900", "Yaxis":"805" ,"type":"common","updateTime":0} 
{"nodeID":"1002031", "floor":"1", "zone":"B", "area":"17", "bay":"10", "hid":"00", "Xaxis":"14900", "Yaxis":"810" ,"type":"common","updateTime":0} 
{"nodeID":"1002032", "floor":"1", "zone":"B", "area":"17", "bay":"10", "hid":"00", "Xaxis":"14900", "Yaxis":"815" ,"type":"common","updateTime":0} 
{"nodeID":"1002033", "floor":"1", "zone":"B", "area":"17", "bay":"10", "hid":"00", "Xaxis":"14900", "Yaxis":"820" ,"type":"common","updateTime":0} 
{"nodeID":"1002034", "floor":"1", "zone":"B", "area":"17", "bay":"10", "hid":"00", "Xaxis":"14900", "Yaxis":"825" ,"type":"common","updateTime":0} 
{"nodeID":"1002035", "floor":"1", "zone":"B", "area":"17", "bay":"10", "hid":"00", "Xaxis":"14900", "Yaxis":"830" ,"type":"common","updateTime":0} 
{"nodeID":"1002036", "floor":"1", "zone":"B", "area":"17", "bay":"10", "hid":"00", "Xaxis":"14900", "Yaxis":"840" ,"type":"common","updateTime":0} 
{"nodeID":"1002037", "floor":"1", "zone":"B", "area":"17", "bay":"10", "hid":"00", "Xaxis":"14900", "Yaxis":"850" ,"type":"common","updateTime":0} 
{"nodeID":"1002038", "floor":"1", "zone":"B", "area":"17", "bay":"10", "hid":"00", "Xaxis":"14900", "Yaxis":"855" ,"type":"common","updateTime":0} 
{"nodeID":"1002039", "floor":"1", "zone":"B", "area":"17", "bay":"10", "hid":"00", "Xaxis":"14900", "Yaxis":"860" ,"type":"common","updateTime":0} 
{"nodeID":"1002040", "floor":"1", "zone":"B", "area":"17", "bay":"10", "hid":"00", "Xaxis":"14900", "Yaxis":"865" ,"type":"common","updateTime":0} 
{"nodeID":"1002041", "floor":"1", "zone":"B", "area":"17", "bay":"10", "hid":"00", "Xaxis":"14900", "Yaxis":"870" ,"type":"common","updateTime":0} 
{"nodeID":"1002042", "floor":"1", "zone":"B", "area":"17", "bay":"10", "hid":"00", "Xaxis":"14900", "Yaxis":"880" ,"type":"common","updateTime":0} 
{"nodeID":"1002043", "floor":"1", "zone":"B", "area":"17", "bay":"10", "hid":"00", "Xaxis":"14900", "Yaxis":"890" ,"type":"common","updateTime":0} 
{"nodeID":"1002044", "floor":"1", "zone":"B", "area":"17", "bay":"10", "hid":"00", "Xaxis":"14900", "Yaxis":"895" ,"type":"common","updateTime":0} 
{"nodeID":"1002045", "floor":"1", "zone":"B", "area":"17", "bay":"10", "hid":"00", "Xaxis":"14900", "Yaxis":"910" ,"type":"common","updateTime":0} 
{"nodeID":"1002046", "floor":"1", "zone":"B", "area":"17", "bay":"10", "hid":"00", "Xaxis":"14900", "Yaxis":"915" ,"type":"common","updateTime":0} 
{"nodeID":"1002047", "floor":"1", "zone":"B", "area":"17", "bay":"10", "hid":"00", "Xaxis":"14900", "Yaxis":"920" ,"type":"common","updateTime":0} 
{"nodeID":"1002048", "floor":"1", "zone":"B", "area":"17", "bay":"10", "hid":"00", "Xaxis":"14900", "Yaxis":"950" ,"type":"common","updateTime":0} 
{"nodeID":"1002049", "floor":"1", "zone":"B", "area":"17", "bay":"10", "hid":"00", "Xaxis":"14900", "Yaxis":"955" ,"type":"common","updateTime":0} 
{"nodeID":"1002050", "floor":"1", "zone":"B", "area":"17", "bay":"10", "hid":"00", "Xaxis":"14900", "Yaxis":"975" ,"type":"common","updateTime":0} 
{"nodeID":"1002051", "floor":"1", "zone":"B", "area":"17", "bay":"10", "hid":"00", "Xaxis":"14900", "Yaxis":"980" ,"type":"common","updateTime":0} 
{"nodeID":"1002052", "floor":"1", "zone":"B", "area":"17", "bay":"10", "hid":"00", "Xaxis":"14900", "Yaxis":"1000" ,"type":"common","updateTime":0} 
{"nodeID":"1002053", "floor":"1", "zone":"B", "area":"17", "bay":"10", "hid":"00", "Xaxis":"14900", "Yaxis":"1010" ,"type":"common","updateTime":0} 
{"nodeID":"1002054", "floor":"1", "zone":"B", "area":"17", "bay":"10", "hid":"00", "Xaxis":"14900", "Yaxis":"1020" ,"type":"common","updateTime":0} 
{"nodeID":"1002055", "floor":"1", "zone":"B", "area":"17", "bay":"10", "hid":"00", "Xaxis":"14900", "Yaxis":"1030" ,"type":"common","updateTime":0} 
{"nodeID":"1002056", "floor":"1", "zone":"B", "area":"17", "bay":"10", "hid":"00", "Xaxis":"14900", "Yaxis":"1035" ,"type":"common","updateTime":0} 
{"nodeID":"1002057", "floor":"1", "zone":"B", "area":"17", "bay":"10", "hid":"00", "Xaxis":"14900", "Yaxis":"1040" ,"type":"common","updateTime":0} 
{"nodeID":"1002058", "floor":"1", "zone":"B", "area":"17", "bay":"10", "hid":"00", "Xaxis":"14900", "Yaxis":"1045" ,"type":"common","updateTime":0} 
{"nodeID":"1002059", "floor":"1", "zone":"B", "area":"17", "bay":"10", "hid":"00", "Xaxis":"14900", "Yaxis":"1065" ,"type":"common","updateTime":0} 
{"nodeID":"1002060", "floor":"1", "zone":"B", "area":"17", "bay":"10", "hid":"00", "Xaxis":"14900", "Yaxis":"1085" ,"type":"common","updateTime":0} 
{"nodeID":"1002061", "floor":"1", "zone":"B", "area":"17", "bay":"10", "hid":"00", "Xaxis":"14900", "Yaxis":"1100" ,"type":"common","updateTime":0} 
{"nodeID":"1002062", "floor":"1", "zone":"B", "area":"17", "bay":"10", "hid":"00", "Xaxis":"14900", "Yaxis":"1105" ,"type":"common","updateTime":0} 
{"nodeID":"1002063", "floor":"1", "zone":"B", "area":"17", "bay":"10", "hid":"00", "Xaxis":"14900", "Yaxis":"1110" ,"type":"common","updateTime":0} 
{"nodeID":"1002064", "floor":"1", "zone":"B", "area":"17", "bay":"10", "hid":"00", "Xaxis":"14900", "Yaxis":"1120" ,"type":"common","updateTime":0} 
{"nodeID":"1002065", "floor":"1", "zone":"B", "area":"17", "bay":"10", "hid":"00", "Xaxis":"14900", "Yaxis":"1130" ,"type":"common","updateTime":0} 
{"nodeID":"1002066", "floor":"1", "zone":"B", "area":"17", "bay":"10", "hid":"00", "Xaxis":"14900", "Yaxis":"1140" ,"type":"common","updateTime":0} 
{"nodeID":"1002067", "floor":"1", "zone":"B", "area":"17", "bay":"10", "hid":"00", "Xaxis":"14900", "Yaxis":"1145" ,"type":"common","updateTime":0} 
{"nodeID":"1002068", "floor":"1", "zone":"B", "area":"17", "bay":"10", "hid":"00", "Xaxis":"14900", "Yaxis":"1150" ,"type":"common","updateTime":0} 
{"nodeID":"1002069", "floor":"1", "zone":"B", "area":"17", "bay":"10", "hid":"00", "Xaxis":"14900", "Yaxis":"1155" ,"type":"common","updateTime":0} 
{"nodeID":"1002070", "floor":"1", "zone":"B", "area":"17", "bay":"10", "hid":"00", "Xaxis":"14900", "Yaxis":"1160" ,"type":"common","updateTime":0} 
{"nodeID":"1002071", "floor":"1", "zone":"B", "area":"17", "bay":"10", "hid":"00", "Xaxis":"14900", "Yaxis":"1165" ,"type":"common","updateTime":0} 
{"nodeID":"1002072", "floor":"1", "zone":"B", "area":"17", "bay":"10", "hid":"00", "Xaxis":"14900", "Yaxis":"1170" ,"type":"common","updateTime":0} 
{"nodeID":"1002073", "floor":"1", "zone":"B", "area":"17", "bay":"10", "hid":"00", "Xaxis":"14900", "Yaxis":"1175" ,"type":"common","updateTime":0} 
{"nodeID":"1002074", "floor":"1", "zone":"B", "area":"17", "bay":"10", "hid":"00", "Xaxis":"14900", "Yaxis":"1180" ,"type":"common","updateTime":0} 
{"nodeID":"1002075", "floor":"1", "zone":"B", "area":"17", "bay":"10", "hid":"00", "Xaxis":"14900", "Yaxis":"1185" ,"type":"common","updateTime":0} 
{"nodeID":"1002076", "floor":"1", "zone":"B", "area":"17", "bay":"10", "hid":"00", "Xaxis":"14900", "Yaxis":"1190" ,"type":"common","updateTime":0} 
{"nodeID":"1002077", "floor":"1", "zone":"B", "area":"17", "bay":"10", "hid":"00", "Xaxis":"14900", "Yaxis":"1210" ,"type":"common","updateTime":0} 
{"nodeID":"1002078", "floor":"1", "zone":"B", "area":"17", "bay":"10", "hid":"00", "Xaxis":"14900", "Yaxis":"1220" ,"type":"common","updateTime":0} 
{"nodeID":"1002079", "floor":"1", "zone":"B", "area":"17", "bay":"10", "hid":"00", "Xaxis":"14900", "Yaxis":"1225" ,"type":"common","updateTime":0} 
{"nodeID":"1002080", "floor":"1", "zone":"B", "area":"17", "bay":"10", "hid":"00", "Xaxis":"14900", "Yaxis":"1235" ,"type":"common","updateTime":0} 
{"nodeID":"1002081", "floor":"1", "zone":"B", "area":"17", "bay":"10", "hid":"00", "Xaxis":"14900", "Yaxis":"1245" ,"type":"common","updateTime":0} 
{"nodeID":"1002082", "floor":"1", "zone":"B", "area":"17", "bay":"10", "hid":"00", "Xaxis":"14900", "Yaxis":"1265" ,"type":"common","updateTime":0} 
{"nodeID":"1002083", "floor":"1", "zone":"B", "area":"17", "bay":"10", "hid":"00", "Xaxis":"14900", "Yaxis":"1270" ,"type":"common","updateTime":0} 
{"nodeID":"1002084", "floor":"1", "zone":"B", "area":"17", "bay":"10", "hid":"00", "Xaxis":"14900", "Yaxis":"1280" ,"type":"common","updateTime":0} 
{"nodeID":"1002085", "floor":"1", "zone":"B", "area":"17", "bay":"10", "hid":"00", "Xaxis":"14900", "Yaxis":"1285" ,"type":"common","updateTime":0} 
{"nodeID":"1002086", "floor":"1", "zone":"B", "area":"17", "bay":"10", "hid":"00", "Xaxis":"14900", "Yaxis":"1295" ,"type":"common","updateTime":0} 
{"nodeID":"1002087", "floor":"1", "zone":"B", "area":"17", "bay":"10", "hid":"00", "Xaxis":"14900", "Yaxis":"1315" ,"type":"common","updateTime":0} 
{"nodeID":"1002088", "floor":"1", "zone":"B", "area":"17", "bay":"10", "hid":"00", "Xaxis":"14900", "Yaxis":"1320" ,"type":"common","updateTime":0} 
{"nodeID":"1002089", "floor":"1", "zone":"B", "area":"17", "bay":"10", "hid":"00", "Xaxis":"14900", "Yaxis":"1330" ,"type":"common","updateTime":0} 
{"nodeID":"1002090", "floor":"1", "zone":"B", "area":"17", "bay":"10", "hid":"00", "Xaxis":"14900", "Yaxis":"1340" ,"type":"common","updateTime":0} 
{"nodeID":"1002091", "floor":"1", "zone":"B", "area":"17", "bay":"10", "hid":"00", "Xaxis":"14900", "Yaxis":"1350" ,"type":"common","updateTime":0} 
{"nodeID":"1002092", "floor":"1", "zone":"B", "area":"17", "bay":"10", "hid":"00", "Xaxis":"14900", "Yaxis":"1355" ,"type":"common","updateTime":0} 
{"nodeID":"1002093", "floor":"1", "zone":"B", "area":"17", "bay":"10", "hid":"00", "Xaxis":"14900", "Yaxis":"1360" ,"type":"common","updateTime":0} 
{"nodeID":"1002094", "floor":"1", "zone":"B", "area":"17", "bay":"10", "hid":"00", "Xaxis":"14900", "Yaxis":"1365" ,"type":"common","updateTime":0} 
{"nodeID":"1002095", "floor":"1", "zone":"B", "area":"17", "bay":"10", "hid":"00", "Xaxis":"14900", "Yaxis":"1385" ,"type":"common","updateTime":0} 
{"nodeID":"1002096", "floor":"1", "zone":"B", "area":"17", "bay":"10", "hid":"00", "Xaxis":"14900", "Yaxis":"1390" ,"type":"common","updateTime":0} 
{"nodeID":"1002097", "floor":"1", "zone":"B", "area":"17", "bay":"10", "hid":"00", "Xaxis":"14900", "Yaxis":"1395" ,"type":"common","updateTime":0} 
{"nodeID":"1002098", "floor":"1", "zone":"B", "area":"17", "bay":"10", "hid":"00", "Xaxis":"14900", "Yaxis":"1425" ,"type":"common","updateTime":0} 
{"nodeID":"1002099", "floor":"1", "zone":"B", "area":"17", "bay":"10", "hid":"00", "Xaxis":"14900", "Yaxis":"1455" ,"type":"common","updateTime":0} 
{"nodeID":"1002100", "floor":"1", "zone":"B", "area":"17", "bay":"10", "hid":"00", "Xaxis":"14900", "Yaxis":"1465" ,"type":"common","updateTime":0} 
{"nodeID":"1002101", "floor":"1", "zone":"B", "area":"17", "bay":"10", "hid":"00", "Xaxis":"14900", "Yaxis":"1475" ,"type":"common","updateTime":0} 
{"nodeID":"1002102", "floor":"1", "zone":"B", "area":"17", "bay":"10", "hid":"00", "Xaxis":"14900", "Yaxis":"1495" ,"type":"common","updateTime":0} 
{"nodeID":"1002103", "floor":"1", "zone":"B", "area":"17", "bay":"10", "hid":"00", "Xaxis":"14900", "Yaxis":"1505" ,"type":"common","updateTime":0} 
{"nodeID":"1002104", "floor":"1", "zone":"B", "area":"17", "bay":"10", "hid":"00", "Xaxis":"14900", "Yaxis":"1525" ,"type":"common","updateTime":0} 
{"nodeID":"1002105", "floor":"1", "zone":"B", "area":"17", "bay":"10", "hid":"00", "Xaxis":"14900", "Yaxis":"1545" ,"type":"common","updateTime":0} 
{"nodeID":"1002106", "floor":"1", "zone":"B", "area":"17", "bay":"10", "hid":"00", "Xaxis":"14900", "Yaxis":"1555" ,"type":"common","updateTime":0} 
{"nodeID":"1002107", "floor":"1", "zone":"B", "area":"17", "bay":"10", "hid":"00", "Xaxis":"14900", "Yaxis":"1565" ,"type":"common","updateTime":0} 
{"nodeID":"1002108", "floor":"1", "zone":"B", "area":"17", "bay":"10", "hid":"00", "Xaxis":"14900", "Yaxis":"1595" ,"type":"common","updateTime":0} 
{"nodeID":"1002109", "floor":"1", "zone":"B", "area":"17", "bay":"10", "hid":"00", "Xaxis":"14900", "Yaxis":"1605" ,"type":"common","updateTime":0} 
{"nodeID":"1002110", "floor":"1", "zone":"B", "area":"17", "bay":"10", "hid":"00", "Xaxis":"14900", "Yaxis":"1610" ,"type":"common","updateTime":0} 
{"nodeID":"1002111", "floor":"1", "zone":"B", "area":"17", "bay":"10", "hid":"00", "Xaxis":"14900", "Yaxis":"1615" ,"type":"common","updateTime":0} 
{"nodeID":"1002112", "floor":"1", "zone":"B", "area":"17", "bay":"10", "hid":"00", "Xaxis":"14900", "Yaxis":"1620" ,"type":"common","updateTime":0} 
{"nodeID":"1002113", "floor":"1", "zone":"B", "area":"17", "bay":"10", "hid":"00", "Xaxis":"14900", "Yaxis":"1635" ,"type":"common","updateTime":0} 
{"nodeID":"1002114", "floor":"1", "zone":"B", "area":"17", "bay":"10", "hid":"00", "Xaxis":"14900", "Yaxis":"1640" ,"type":"common","updateTime":0} 
{"nodeID":"1002115", "floor":"1", "zone":"B", "area":"17", "bay":"10", "hid":"00", "Xaxis":"14900", "Yaxis":"1645" ,"type":"common","updateTime":0} 
{"nodeID":"1002116", "floor":"1", "zone":"B", "area":"17", "bay":"10", "hid":"00", "Xaxis":"14900", "Yaxis":"1665" ,"type":"common","updateTime":0} 
{"nodeID":"1002117", "floor":"1", "zone":"B", "area":"17", "bay":"10", "hid":"00", "Xaxis":"14900", "Yaxis":"1685" ,"type":"common","updateTime":0} 
{"nodeID":"1002118", "floor":"1", "zone":"B", "area":"17", "bay":"10", "hid":"00", "Xaxis":"14900", "Yaxis":"1705" ,"type":"common","updateTime":0} 
{"nodeID":"1002119", "floor":"1", "zone":"B", "area":"17", "bay":"10", "hid":"00", "Xaxis":"14900", "Yaxis":"1725" ,"type":"common","updateTime":0} 
{"nodeID":"1002120", "floor":"1", "zone":"B", "area":"17", "bay":"10", "hid":"00", "Xaxis":"14900", "Yaxis":"1735" ,"type":"common","updateTime":0} 
{"nodeID":"1002121", "floor":"1", "zone":"B", "area":"17", "bay":"10", "hid":"00", "Xaxis":"14900", "Yaxis":"1755" ,"type":"common","updateTime":0} 
{"nodeID":"1002122", "floor":"1", "zone":"B", "area":"17", "bay":"10", "hid":"00", "Xaxis":"14900", "Yaxis":"1760" ,"type":"common","updateTime":0} 
{"nodeID":"1002123", "floor":"1", "zone":"B", "area":"17", "bay":"10", "hid":"00", "Xaxis":"14900", "Yaxis":"1765" ,"type":"common","updateTime":0} 
{"nodeID":"1002124", "floor":"1", "zone":"B", "area":"17", "bay":"10", "hid":"00", "Xaxis":"14900", "Yaxis":"1770" ,"type":"common","updateTime":0} 
{"nodeID":"1002125", "floor":"1", "zone":"B", "area":"17", "bay":"10", "hid":"00", "Xaxis":"14900", "Yaxis":"1775" ,"type":"common","updateTime":0} 
{"nodeID":"1002126", "floor":"1", "zone":"B", "area":"17", "bay":"10", "hid":"00", "Xaxis":"14900", "Yaxis":"1780" ,"type":"common","updateTime":0} 
{"nodeID":"1002127", "floor":"1", "zone":"B", "area":"17", "bay":"10", "hid":"00", "Xaxis":"14900", "Yaxis":"1790" ,"type":"common","updateTime":0} 
{"nodeID":"1002128", "floor":"1", "zone":"B", "area":"17", "bay":"10", "hid":"00", "Xaxis":"14900", "Yaxis":"1800" ,"type":"common","updateTime":0} 
{"nodeID":"1002129", "floor":"1", "zone":"B", "area":"17", "bay":"10", "hid":"00", "Xaxis":"14900", "Yaxis":"1805" ,"type":"common","updateTime":0} 
{"nodeID":"1002130", "floor":"1", "zone":"B", "area":"17", "bay":"10", "hid":"00", "Xaxis":"14900", "Yaxis":"1810" ,"type":"common","updateTime":0} 
{"nodeID":"1002131", "floor":"1", "zone":"B", "area":"17", "bay":"10", "hid":"00", "Xaxis":"14900", "Yaxis":"1815" ,"type":"common","updateTime":0} 
{"nodeID":"1002132", "floor":"1", "zone":"B", "area":"17", "bay":"10", "hid":"00", "Xaxis":"14900", "Yaxis":"1825" ,"type":"common","updateTime":0} 
{"nodeID":"1002133", "floor":"1", "zone":"B", "area":"17", "bay":"10", "hid":"00", "Xaxis":"14900", "Yaxis":"1835" ,"type":"common","updateTime":0} 
{"nodeID":"1002134", "floor":"1", "zone":"B", "area":"17", "bay":"10", "hid":"00", "Xaxis":"14900", "Yaxis":"1845" ,"type":"common","updateTime":0} 
{"nodeID":"1002135", "floor":"1", "zone":"B", "area":"17", "bay":"10", "hid":"00", "Xaxis":"14900", "Yaxis":"1855" ,"type":"common","updateTime":0} 
{"nodeID":"1002136", "floor":"1", "zone":"B", "area":"17", "bay":"10", "hid":"00", "Xaxis":"14900", "Yaxis":"1865" ,"type":"common","updateTime":0} 
{"nodeID":"1002137", "floor":"1", "zone":"B", "area":"17", "bay":"10", "hid":"00", "Xaxis":"14900", "Yaxis":"1875" ,"type":"common","updateTime":0} 
{"nodeID":"1002138", "floor":"1", "zone":"B", "area":"17", "bay":"10", "hid":"00", "Xaxis":"14900", "Yaxis":"1880" ,"type":"common","updateTime":0} 
{"nodeID":"1002139", "floor":"1", "zone":"B", "area":"17", "bay":"10", "hid":"00", "Xaxis":"14900", "Yaxis":"1885" ,"type":"common","updateTime":0} 
{"nodeID":"1002140", "floor":"1", "zone":"B", "area":"17", "bay":"10", "hid":"00", "Xaxis":"14900", "Yaxis":"1890" ,"type":"common","updateTime":0} 
{"nodeID":"1002141", "floor":"1", "zone":"B", "area":"17", "bay":"10", "hid":"00", "Xaxis":"14900", "Yaxis":"1895" ,"type":"common","updateTime":0} 
{"nodeID":"1002142", "floor":"1", "zone":"B", "area":"17", "bay":"10", "hid":"00", "Xaxis":"14900", "Yaxis":"1905" ,"type":"common","updateTime":0} 
{"nodeID":"1002143", "floor":"1", "zone":"B", "area":"17", "bay":"10", "hid":"00", "Xaxis":"14900", "Yaxis":"1915" ,"type":"common","updateTime":0} 
{"nodeID":"1002144", "floor":"1", "zone":"B", "area":"17", "bay":"10", "hid":"00", "Xaxis":"14900", "Yaxis":"1920" ,"type":"common","updateTime":0} 
{"nodeID":"1002145", "floor":"1", "zone":"B", "area":"17", "bay":"10", "hid":"00", "Xaxis":"14900", "Yaxis":"1925" ,"type":"common","updateTime":0} 
{"nodeID":"1002146", "floor":"1", "zone":"B", "area":"17", "bay":"10", "hid":"00", "Xaxis":"14900", "Yaxis":"1930" ,"type":"common","updateTime":0} 
{"nodeID":"1002147", "floor":"1", "zone":"B", "area":"17", "bay":"10", "hid":"00", "Xaxis":"14900", "Yaxis":"1935" ,"type":"common","updateTime":0} 
{"nodeID":"1002148", "floor":"1", "zone":"B", "area":"17", "bay":"10", "hid":"00", "Xaxis":"14900", "Yaxis":"1965" ,"type":"common","updateTime":0} 
{"nodeID":"1002149", "floor":"1", "zone":"B", "area":"17", "bay":"10", "hid":"00", "Xaxis":"14900", "Yaxis":"1970" ,"type":"common","updateTime":0} 
{"nodeID":"1002150", "floor":"1", "zone":"B", "area":"17", "bay":"10", "hid":"00", "Xaxis":"14900", "Yaxis":"1990" ,"type":"common","updateTime":0} 
{"nodeID":"1002151", "floor":"1", "zone":"B", "area":"17", "bay":"10", "hid":"00", "Xaxis":"14900", "Yaxis":"1995" ,"type":"common","updateTime":0} 
{"nodeID":"1002152", "floor":"1", "zone":"B", "area":"17", "bay":"10", "hid":"00", "Xaxis":"14900", "Yaxis":"2015" ,"type":"common","updateTime":0} 
{"nodeID":"1002153", "floor":"1", "zone":"B", "area":"17", "bay":"10", "hid":"00", "Xaxis":"14900", "Yaxis":"2025" ,"type":"common","updateTime":0} 
{"nodeID":"1002154", "floor":"1", "zone":"B", "area":"17", "bay":"10", "hid":"00", "Xaxis":"14900", "Yaxis":"2035" ,"type":"common","updateTime":0} 
{"nodeID":"1002155", "floor":"1", "zone":"B", "area":"17", "bay":"10", "hid":"00", "Xaxis":"14900", "Yaxis":"2045" ,"type":"common","updateTime":0} 
{"nodeID":"1002156", "floor":"1", "zone":"B", "area":"17", "bay":"10", "hid":"00", "Xaxis":"14900", "Yaxis":"2050" ,"type":"common","updateTime":0} 
{"nodeID":"1002157", "floor":"1", "zone":"B", "area":"17", "bay":"10", "hid":"00", "Xaxis":"14900", "Yaxis":"2055" ,"type":"common","updateTime":0} 
{"nodeID":"1002158", "floor":"1", "zone":"B", "area":"17", "bay":"10", "hid":"00", "Xaxis":"14900", "Yaxis":"2060" ,"type":"common","updateTime":0} 
{"nodeID":"1002159", "floor":"1", "zone":"B", "area":"17", "bay":"10", "hid":"00", "Xaxis":"14900", "Yaxis":"2090" ,"type":"common","updateTime":0} 
{"nodeID":"1002160", "floor":"1", "zone":"B", "area":"17", "bay":"10", "hid":"00", "Xaxis":"14900", "Yaxis":"2110" ,"type":"common","updateTime":0} 
{"nodeID":"1002161", "floor":"1", "zone":"B", "area":"17", "bay":"10", "hid":"00", "Xaxis":"14900", "Yaxis":"2130" ,"type":"common","updateTime":0} 
{"nodeID":"1002162", "floor":"1", "zone":"B", "area":"17", "bay":"10", "hid":"00", "Xaxis":"14900", "Yaxis":"2135" ,"type":"common","updateTime":0} 
{"nodeID":"1002163", "floor":"1", "zone":"B", "area":"17", "bay":"10", "hid":"00", "Xaxis":"14900", "Yaxis":"2140" ,"type":"common","updateTime":0} 
{"nodeID":"1002164", "floor":"1", "zone":"B", "area":"17", "bay":"10", "hid":"00", "Xaxis":"14900", "Yaxis":"2150" ,"type":"common","updateTime":0} 
{"nodeID":"1002165", "floor":"1", "zone":"B", "area":"17", "bay":"10", "hid":"00", "Xaxis":"14900", "Yaxis":"2160" ,"type":"common","updateTime":0} 
{"nodeID":"1002166", "floor":"1", "zone":"B", "area":"17", "bay":"10", "hid":"00", "Xaxis":"14900", "Yaxis":"2170" ,"type":"common","updateTime":0} 
{"nodeID":"1002167", "floor":"1", "zone":"B", "area":"17", "bay":"10", "hid":"00", "Xaxis":"14900", "Yaxis":"2175" ,"type":"common","updateTime":0} 
{"nodeID":"1002168", "floor":"1", "zone":"B", "area":"17", "bay":"10", "hid":"00", "Xaxis":"14900", "Yaxis":"2180" ,"type":"common","updateTime":0} 
{"nodeID":"1002169", "floor":"1", "zone":"B", "area":"17", "bay":"10", "hid":"00", "Xaxis":"14900", "Yaxis":"2185" ,"type":"common","updateTime":0} 
{"nodeID":"1002170", "floor":"1", "zone":"B", "area":"17", "bay":"10", "hid":"00", "Xaxis":"14900", "Yaxis":"2190" ,"type":"common","updateTime":0} 
{"nodeID":"1002171", "floor":"1", "zone":"B", "area":"17", "bay":"10", "hid":"00", "Xaxis":"14900", "Yaxis":"2205" ,"type":"common","updateTime":0} 
{"nodeID":"1002172", "floor":"1", "zone":"B", "area":"17", "bay":"10", "hid":"00", "Xaxis":"14900", "Yaxis":"2210" ,"type":"common","updateTime":0} 
{"nodeID":"1002173", "floor":"1", "zone":"B", "area":"17", "bay":"10", "hid":"00", "Xaxis":"14900", "Yaxis":"2215" ,"type":"common","updateTime":0} 
{"nodeID":"1002174", "floor":"1", "zone":"B", "area":"17", "bay":"10", "hid":"00", "Xaxis":"14900", "Yaxis":"2220" ,"type":"common","updateTime":0} 
{"nodeID":"1002175", "floor":"1", "zone":"B", "area":"17", "bay":"10", "hid":"00", "Xaxis":"14900", "Yaxis":"2225" ,"type":"common","updateTime":0} 
{"nodeID":"1002176", "floor":"1", "zone":"B", "area":"17", "bay":"10", "hid":"00", "Xaxis":"14900", "Yaxis":"2230" ,"type":"common","updateTime":0} 
{"nodeID":"1002177", "floor":"1", "zone":"B", "area":"17", "bay":"10", "hid":"00", "Xaxis":"14900", "Yaxis":"2250" ,"type":"common","updateTime":0} 
{"nodeID":"1002178", "floor":"1", "zone":"B", "area":"17", "bay":"10", "hid":"00", "Xaxis":"14900", "Yaxis":"2260" ,"type":"common","updateTime":0} 
{"nodeID":"1002179", "floor":"1", "zone":"B", "area":"17", "bay":"10", "hid":"00", "Xaxis":"14900", "Yaxis":"2265" ,"type":"common","updateTime":0} 
{"nodeID":"1002180", "floor":"1", "zone":"B", "area":"17", "bay":"10", "hid":"00", "Xaxis":"14900", "Yaxis":"2275" ,"type":"common","updateTime":0} 
{"nodeID":"1002181", "floor":"1", "zone":"B", "area":"17", "bay":"10", "hid":"00", "Xaxis":"14900", "Yaxis":"2285" ,"type":"common","updateTime":0} 
{"nodeID":"1002182", "floor":"1", "zone":"B", "area":"17", "bay":"10", "hid":"00", "Xaxis":"14900", "Yaxis":"2305" ,"type":"common","updateTime":0} 
{"nodeID":"1002183", "floor":"1", "zone":"B", "area":"17", "bay":"10", "hid":"00", "Xaxis":"14900", "Yaxis":"2310" ,"type":"common","updateTime":0} 
{"nodeID":"1002184", "floor":"1", "zone":"B", "area":"17", "bay":"10", "hid":"00", "Xaxis":"14900", "Yaxis":"2320" ,"type":"common","updateTime":0} 
{"nodeID":"1002185", "floor":"1", "zone":"B", "area":"17", "bay":"10", "hid":"00", "Xaxis":"14900", "Yaxis":"2325" ,"type":"common","updateTime":0} 
{"nodeID":"1002186", "floor":"1", "zone":"B", "area":"17", "bay":"10", "hid":"00", "Xaxis":"14900", "Yaxis":"2335" ,"type":"common","updateTime":0} 
{"nodeID":"1002187", "floor":"1", "zone":"B", "area":"17", "bay":"10", "hid":"00", "Xaxis":"14900", "Yaxis":"2355" ,"type":"common","updateTime":0} 
{"nodeID":"1002188", "floor":"1", "zone":"B", "area":"17", "bay":"10", "hid":"00", "Xaxis":"14900", "Yaxis":"2360" ,"type":"common","updateTime":0} 
{"nodeID":"1002189", "floor":"1", "zone":"B", "area":"17", "bay":"10", "hid":"00", "Xaxis":"14900", "Yaxis":"2370" ,"type":"common","updateTime":0} 
{"nodeID":"1002190", "floor":"1", "zone":"B", "area":"17", "bay":"10", "hid":"00", "Xaxis":"14900", "Yaxis":"2380" ,"type":"common","updateTime":0} 
{"nodeID":"1002191", "floor":"1", "zone":"B", "area":"17", "bay":"10", "hid":"00", "Xaxis":"14900", "Yaxis":"2390" ,"type":"common","updateTime":0} 
{"nodeID":"1002192", "floor":"1", "zone":"B", "area":"17", "bay":"10", "hid":"00", "Xaxis":"14900", "Yaxis":"2395" ,"type":"common","updateTime":0} 
{"nodeID":"1002193", "floor":"1", "zone":"B", "area":"17", "bay":"10", "hid":"00", "Xaxis":"14900", "Yaxis":"2405" ,"type":"common","updateTime":0} 
{"nodeID":"1002194", "floor":"1", "zone":"B", "area":"17", "bay":"10", "hid":"00", "Xaxis":"14900", "Yaxis":"2410" ,"type":"common","updateTime":0} 
{"nodeID":"1002195", "floor":"1", "zone":"B", "area":"17", "bay":"10", "hid":"00", "Xaxis":"14900", "Yaxis":"2420" ,"type":"common","updateTime":0} 
{"nodeID":"1002196", "floor":"1", "zone":"B", "area":"17", "bay":"10", "hid":"00", "Xaxis":"14900", "Yaxis":"2425" ,"type":"common","updateTime":0} 
{"nodeID":"1002197", "floor":"1", "zone":"B", "area":"17", "bay":"10", "hid":"00", "Xaxis":"14900", "Yaxis":"2430" ,"type":"common","updateTime":0} 
{"nodeID":"1002198", "floor":"1", "zone":"B", "area":"17", "bay":"10", "hid":"00", "Xaxis":"14900", "Yaxis":"2450" ,"type":"common","updateTime":0} 
{"nodeID":"1002199", "floor":"1", "zone":"B", "area":"17", "bay":"10", "hid":"00", "Xaxis":"14900", "Yaxis":"2480" ,"type":"common","updateTime":0} 
{"nodeID":"1002200", "floor":"1", "zone":"B", "area":"17", "bay":"10", "hid":"00", "Xaxis":"14900", "Yaxis":"2490" ,"type":"common","updateTime":0} 
{"nodeID":"1002201", "floor":"1", "zone":"B", "area":"17", "bay":"10", "hid":"00", "Xaxis":"14900", "Yaxis":"2500" ,"type":"common","updateTime":0} 
{"nodeID":"1002202", "floor":"1", "zone":"B", "area":"17", "bay":"10", "hid":"00", "Xaxis":"14900", "Yaxis":"2520" ,"type":"common","updateTime":0} 
{"nodeID":"1002203", "floor":"1", "zone":"B", "area":"17", "bay":"10", "hid":"00", "Xaxis":"14900", "Yaxis":"2530" ,"type":"common","updateTime":0} 
{"nodeID":"1002204", "floor":"1", "zone":"B", "area":"17", "bay":"10", "hid":"00", "Xaxis":"14900", "Yaxis":"2560" ,"type":"common","updateTime":0} 
{"nodeID":"1002205", "floor":"1", "zone":"B", "area":"17", "bay":"10", "hid":"00", "Xaxis":"14900", "Yaxis":"2590" ,"type":"common","updateTime":0} 
{"nodeID":"1002206", "floor":"1", "zone":"B", "area":"17", "bay":"10", "hid":"00", "Xaxis":"14900", "Yaxis":"2600" ,"type":"common","updateTime":0} 
{"nodeID":"1002207", "floor":"1", "zone":"B", "area":"17", "bay":"10", "hid":"00", "Xaxis":"14900", "Yaxis":"2610" ,"type":"common","updateTime":0} 
{"nodeID":"1002208", "floor":"1", "zone":"B", "area":"17", "bay":"10", "hid":"00", "Xaxis":"14900", "Yaxis":"2620" ,"type":"common","updateTime":0} 
{"nodeID":"1002209", "floor":"1", "zone":"B", "area":"17", "bay":"10", "hid":"00", "Xaxis":"14900", "Yaxis":"2630" ,"type":"common","updateTime":0} 
{"nodeID":"1002210", "floor":"1", "zone":"B", "area":"17", "bay":"10", "hid":"00", "Xaxis":"14900", "Yaxis":"2635" ,"type":"common","updateTime":0} 
{"nodeID":"1002211", "floor":"1", "zone":"B", "area":"17", "bay":"10", "hid":"00", "Xaxis":"14900", "Yaxis":"2640" ,"type":"common","updateTime":0} 
{"nodeID":"1002212", "floor":"1", "zone":"B", "area":"17", "bay":"10", "hid":"00", "Xaxis":"14900", "Yaxis":"2650" ,"type":"common","updateTime":0} 
{"nodeID":"1002213", "floor":"1", "zone":"B", "area":"17", "bay":"10", "hid":"00", "Xaxis":"14900", "Yaxis":"2655" ,"type":"common","updateTime":0} 
{"nodeID":"1002214", "floor":"1", "zone":"B", "area":"17", "bay":"10", "hid":"00", "Xaxis":"14900", "Yaxis":"2665" ,"type":"common","updateTime":0} 
{"nodeID":"1002215", "floor":"1", "zone":"B", "area":"17", "bay":"10", "hid":"00", "Xaxis":"14900", "Yaxis":"2670" ,"type":"common","updateTime":0} 
{"nodeID":"1002216", "floor":"1", "zone":"B", "area":"17", "bay":"10", "hid":"00", "Xaxis":"14900", "Yaxis":"2700" ,"type":"common","updateTime":0} 
{"nodeID":"1002217", "floor":"1", "zone":"B", "area":"17", "bay":"10", "hid":"00", "Xaxis":"14900", "Yaxis":"2720" ,"type":"common","updateTime":0} 
{"nodeID":"1002218", "floor":"1", "zone":"B", "area":"17", "bay":"10", "hid":"00", "Xaxis":"14900", "Yaxis":"2730" ,"type":"common","updateTime":0} 
{"nodeID":"1002219", "floor":"1", "zone":"B", "area":"17", "bay":"10", "hid":"00", "Xaxis":"14900", "Yaxis":"2750" ,"type":"common","updateTime":0} 
{"nodeID":"1002220", "floor":"1", "zone":"B", "area":"17", "bay":"10", "hid":"00", "Xaxis":"14900", "Yaxis":"2770" ,"type":"common","updateTime":0} 
{"nodeID":"1002221", "floor":"1", "zone":"B", "area":"17", "bay":"10", "hid":"00", "Xaxis":"14900", "Yaxis":"2785" ,"type":"common","updateTime":0} 
{"nodeID":"1002222", "floor":"1", "zone":"B", "area":"17", "bay":"10", "hid":"00", "Xaxis":"14900", "Yaxis":"2790" ,"type":"common","updateTime":0} 
{"nodeID":"1002223", "floor":"1", "zone":"B", "area":"17", "bay":"10", "hid":"00", "Xaxis":"14900", "Yaxis":"2795" ,"type":"common","updateTime":0} 
{"nodeID":"1002224", "floor":"1", "zone":"B", "area":"17", "bay":"10", "hid":"00", "Xaxis":"14900", "Yaxis":"2800" ,"type":"common","updateTime":0} 
{"nodeID":"1002225", "floor":"1", "zone":"B", "area":"17", "bay":"10", "hid":"00", "Xaxis":"14900", "Yaxis":"2805" ,"type":"common","updateTime":0} 
{"nodeID":"1002226", "floor":"1", "zone":"B", "area":"17", "bay":"10", "hid":"00", "Xaxis":"14900", "Yaxis":"2815" ,"type":"common","updateTime":0} 
{"nodeID":"1002227", "floor":"1", "zone":"B", "area":"17", "bay":"10", "hid":"00", "Xaxis":"14900", "Yaxis":"2820" ,"type":"common","updateTime":0} 
{"nodeID":"1002228", "floor":"1", "zone":"B", "area":"17", "bay":"10", "hid":"00", "Xaxis":"14900", "Yaxis":"2825" ,"type":"common","updateTime":0} 
{"nodeID":"1002229", "floor":"1", "zone":"B", "area":"17", "bay":"10", "hid":"00", "Xaxis":"14900", "Yaxis":"2830" ,"type":"common","updateTime":0} 
{"nodeID":"1002230", "floor":"1", "zone":"B", "area":"17", "bay":"10", "hid":"00", "Xaxis":"14900", "Yaxis":"2835" ,"type":"common","updateTime":0} 
{"nodeID":"1002231", "floor":"1", "zone":"B", "area":"17", "bay":"10", "hid":"00", "Xaxis":"14900", "Yaxis":"2840" ,"type":"common","updateTime":0} 
{"nodeID":"1002232", "floor":"1", "zone":"B", "area":"17", "bay":"10", "hid":"00", "Xaxis":"14900", "Yaxis":"2850" ,"type":"common","updateTime":0} 
{"nodeID":"1002233", "floor":"1", "zone":"B", "area":"17", "bay":"10", "hid":"00", "Xaxis":"14900", "Yaxis":"2860" ,"type":"common","updateTime":0} 
{"nodeID":"1002234", "floor":"1", "zone":"B", "area":"17", "bay":"10", "hid":"00", "Xaxis":"14900", "Yaxis":"2870" ,"type":"common","updateTime":0} 
{"nodeID":"1002235", "floor":"1", "zone":"B", "area":"17", "bay":"10", "hid":"00", "Xaxis":"14900", "Yaxis":"2880" ,"type":"common","updateTime":0} 
{"nodeID":"1002236", "floor":"1", "zone":"B", "area":"17", "bay":"10", "hid":"00", "Xaxis":"14900", "Yaxis":"2885" ,"type":"common","updateTime":0} 
{"nodeID":"1002237", "floor":"1", "zone":"B", "area":"17", "bay":"10", "hid":"00", "Xaxis":"14900", "Yaxis":"2895" ,"type":"common","updateTime":0} 
{"nodeID":"1002238", "floor":"1", "zone":"B", "area":"17", "bay":"10", "hid":"00", "Xaxis":"14900", "Yaxis":"2905" ,"type":"common","updateTime":0} 
{"nodeID":"1002239", "floor":"1", "zone":"B", "area":"17", "bay":"10", "hid":"00", "Xaxis":"14900", "Yaxis":"2915" ,"type":"common","updateTime":0} 
{"nodeID":"1002240", "floor":"1", "zone":"B", "area":"17", "bay":"10", "hid":"00", "Xaxis":"14900", "Yaxis":"2920" ,"type":"common","updateTime":0} 
{"nodeID":"1002241", "floor":"1", "zone":"B", "area":"17", "bay":"10", "hid":"00", "Xaxis":"14900", "Yaxis":"2925" ,"type":"common","updateTime":0} 
{"nodeID":"1002242", "floor":"1", "zone":"B", "area":"17", "bay":"10", "hid":"00", "Xaxis":"14900", "Yaxis":"2930" ,"type":"common","updateTime":0} 
{"nodeID":"1002243", "floor":"1", "zone":"B", "area":"17", "bay":"10", "hid":"00", "Xaxis":"14900", "Yaxis":"2960" ,"type":"common","updateTime":0} 
{"nodeID":"1002244", "floor":"1", "zone":"B", "area":"17", "bay":"10", "hid":"00", "Xaxis":"14900", "Yaxis":"2980" ,"type":"common","updateTime":0} 
{"nodeID":"1002245", "floor":"1", "zone":"B", "area":"17", "bay":"10", "hid":"00", "Xaxis":"14900", "Yaxis":"3000" ,"type":"common","updateTime":0} 
{"nodeID":"1002246", "floor":"1", "zone":"B", "area":"17", "bay":"10", "hid":"00", "Xaxis":"14900", "Yaxis":"3005" ,"type":"common","updateTime":0} 
{"nodeID":"1002247", "floor":"1", "zone":"B", "area":"17", "bay":"10", "hid":"00", "Xaxis":"14900", "Yaxis":"3010" ,"type":"common","updateTime":0} 
{"nodeID":"1002248", "floor":"1", "zone":"B", "area":"17", "bay":"10", "hid":"00", "Xaxis":"14900", "Yaxis":"3020" ,"type":"common","updateTime":0} 
{"nodeID":"1002249", "floor":"1", "zone":"B", "area":"17", "bay":"10", "hid":"00", "Xaxis":"14900", "Yaxis":"3030" ,"type":"common","updateTime":0} 
{"nodeID":"1002250", "floor":"1", "zone":"B", "area":"17", "bay":"10", "hid":"00", "Xaxis":"14900", "Yaxis":"3040" ,"type":"common","updateTime":0} 
{"nodeID":"1002251", "floor":"1", "zone":"B", "area":"17", "bay":"10", "hid":"00", "Xaxis":"14900", "Yaxis":"3045" ,"type":"common","updateTime":0} 
{"nodeID":"1002252", "floor":"1", "zone":"B", "area":"17", "bay":"10", "hid":"00", "Xaxis":"14900", "Yaxis":"3050" ,"type":"common","updateTime":0} 
{"nodeID":"1002253", "floor":"1", "zone":"B", "area":"17", "bay":"10", "hid":"00", "Xaxis":"14900", "Yaxis":"3055" ,"type":"common","updateTime":0} 
{"nodeID":"1002254", "floor":"1", "zone":"B", "area":"17", "bay":"10", "hid":"00", "Xaxis":"14900", "Yaxis":"3060" ,"type":"common","updateTime":0} 
{"nodeID":"1002255", "floor":"1", "zone":"B", "area":"17", "bay":"10", "hid":"00", "Xaxis":"14900", "Yaxis":"3065" ,"type":"common","updateTime":0} 
{"nodeID":"1002256", "floor":"1", "zone":"B", "area":"17", "bay":"10", "hid":"00", "Xaxis":"14900", "Yaxis":"3070" ,"type":"common","updateTime":0} 
{"nodeID":"1002257", "floor":"1", "zone":"B", "area":"17", "bay":"10", "hid":"00", "Xaxis":"14900", "Yaxis":"3075" ,"type":"common","updateTime":0} 
{"nodeID":"1002258", "floor":"1", "zone":"B", "area":"17", "bay":"10", "hid":"00", "Xaxis":"14900", "Yaxis":"3080" ,"type":"common","updateTime":0} 
{"nodeID":"1002259", "floor":"1", "zone":"B", "area":"17", "bay":"10", "hid":"00", "Xaxis":"14900", "Yaxis":"3085" ,"type":"common","updateTime":0} 
{"nodeID":"1002260", "floor":"1", "zone":"B", "area":"17", "bay":"10", "hid":"00", "Xaxis":"14900", "Yaxis":"3090" ,"type":"common","updateTime":0} 
{"nodeID":"1002261", "floor":"1", "zone":"B", "area":"17", "bay":"10", "hid":"00", "Xaxis":"14900", "Yaxis":"3110" ,"type":"common","updateTime":0} 
{"nodeID":"1002262", "floor":"1", "zone":"B", "area":"17", "bay":"10", "hid":"00", "Xaxis":"14900", "Yaxis":"3130" ,"type":"common","updateTime":0} 
{"nodeID":"1002263", "floor":"1", "zone":"B", "area":"17", "bay":"10", "hid":"00", "Xaxis":"14900", "Yaxis":"3135" ,"type":"common","updateTime":0} 
{"nodeID":"1002264", "floor":"1", "zone":"B", "area":"17", "bay":"10", "hid":"00", "Xaxis":"14900", "Yaxis":"3145" ,"type":"common","updateTime":0} 
{"nodeID":"1002265", "floor":"1", "zone":"B", "area":"17", "bay":"10", "hid":"00", "Xaxis":"14900", "Yaxis":"3155" ,"type":"common","updateTime":0} 
{"nodeID":"1002266", "floor":"1", "zone":"B", "area":"17", "bay":"10", "hid":"00", "Xaxis":"14900", "Yaxis":"3175" ,"type":"common","updateTime":0} 
{"nodeID":"1002267", "floor":"1", "zone":"B", "area":"17", "bay":"10", "hid":"00", "Xaxis":"14900", "Yaxis":"3180" ,"type":"common","updateTime":0} 
{"nodeID":"1002268", "floor":"1", "zone":"B", "area":"17", "bay":"10", "hid":"00", "Xaxis":"14900", "Yaxis":"3190" ,"type":"common","updateTime":0} 
{"nodeID":"1002269", "floor":"1", "zone":"B", "area":"17", "bay":"10", "hid":"00", "Xaxis":"14900", "Yaxis":"3195" ,"type":"common","updateTime":0} 
{"nodeID":"1002270", "floor":"1", "zone":"B", "area":"17", "bay":"10", "hid":"00", "Xaxis":"14900", "Yaxis":"3205" ,"type":"common","updateTime":0} 
{"nodeID":"1002271", "floor":"1", "zone":"B", "area":"17", "bay":"10", "hid":"00", "Xaxis":"14900", "Yaxis":"3225" ,"type":"common","updateTime":0} 
{"nodeID":"1002272", "floor":"1", "zone":"B", "area":"17", "bay":"10", "hid":"00", "Xaxis":"14900", "Yaxis":"3230" ,"type":"common","updateTime":0} 
{"nodeID":"1002273", "floor":"1", "zone":"B", "area":"17", "bay":"10", "hid":"00", "Xaxis":"14900", "Yaxis":"3240" ,"type":"common","updateTime":0} 
{"nodeID":"1002274", "floor":"1", "zone":"B", "area":"17", "bay":"10", "hid":"00", "Xaxis":"14900", "Yaxis":"3250" ,"type":"common","updateTime":0} 
{"nodeID":"1002275", "floor":"1", "zone":"B", "area":"17", "bay":"10", "hid":"00", "Xaxis":"14900", "Yaxis":"3260" ,"type":"common","updateTime":0} 
{"nodeID":"1002276", "floor":"1", "zone":"B", "area":"17", "bay":"10", "hid":"00", "Xaxis":"14900", "Yaxis":"3265" ,"type":"common","updateTime":0} 
{"nodeID":"1002277", "floor":"1", "zone":"B", "area":"17", "bay":"10", "hid":"00", "Xaxis":"14900", "Yaxis":"3270" ,"type":"common","updateTime":0} 
{"nodeID":"1002278", "floor":"1", "zone":"B", "area":"17", "bay":"10", "hid":"00", "Xaxis":"14900", "Yaxis":"3275" ,"type":"common","updateTime":0} 
{"nodeID":"1002279", "floor":"1", "zone":"B", "area":"17", "bay":"10", "hid":"00", "Xaxis":"14900", "Yaxis":"3290" ,"type":"common","updateTime":0} 
{"nodeID":"1002280", "floor":"1", "zone":"B", "area":"17", "bay":"10", "hid":"00", "Xaxis":"14900", "Yaxis":"3295" ,"type":"common","updateTime":0} 
{"nodeID":"1002281", "floor":"1", "zone":"B", "area":"17", "bay":"10", "hid":"00", "Xaxis":"14900", "Yaxis":"3300" ,"type":"common","updateTime":0} 
{"nodeID":"1003001", "floor":"1", "zone":"B", "area":"17", "bay":"10", "hid":"00", "Xaxis":"14510", "Yaxis":"1670" ,"type":"curve","updateTime":0} 
{"nodeID":"1003002", "floor":"1", "zone":"B", "area":"17", "bay":"10", "hid":"00", "Xaxis":"14520", "Yaxis":"1669" ,"type":"curve","updateTime":0} 
{"nodeID":"1003003", "floor":"1", "zone":"B", "area":"17", "bay":"10", "hid":"00", "Xaxis":"14530", "Yaxis":"1668" ,"type":"curve","updateTime":0} 
{"nodeID":"1003004", "floor":"1", "zone":"B", "area":"17", "bay":"10", "hid":"00", "Xaxis":"14540", "Yaxis":"1667" ,"type":"curve","updateTime":0} 
{"nodeID":"1003005", "floor":"1", "zone":"B", "area":"17", "bay":"10", "hid":"00", "Xaxis":"14550", "Yaxis":"1666" ,"type":"curve","updateTime":0} 
{"nodeID":"1003006", "floor":"1", "zone":"B", "area":"17", "bay":"10", "hid":"00", "Xaxis":"14560", "Yaxis":"1665" ,"type":"curve","updateTime":0} 
{"nodeID":"1003007", "floor":"1", "zone":"B", "area":"17", "bay":"10", "hid":"00", "Xaxis":"14570", "Yaxis":"1664" ,"type":"curve","updateTime":0} 
{"nodeID":"1003008", "floor":"1", "zone":"B", "area":"17", "bay":"10", "hid":"00", "Xaxis":"14580", "Yaxis":"1663" ,"type":"curve","updateTime":0} 
{"nodeID":"1003009", "floor":"1", "zone":"B", "area":"17", "bay":"10", "hid":"00", "Xaxis":"14590", "Yaxis":"1662" ,"type":"curve","updateTime":0} 
{"nodeID":"1003010", "floor":"1", "zone":"B", "area":"17", "bay":"10", "hid":"00", "Xaxis":"14600", "Yaxis":"1661" ,"type":"curve","updateTime":0} 
{"nodeID":"1003011", "floor":"1", "zone":"B", "area":"17", "bay":"10", "hid":"00", "Xaxis":"14610", "Yaxis":"1660" ,"type":"curve","updateTime":0} 
{"nodeID":"1003012", "floor":"1", "zone":"B", "area":"17", "bay":"10", "hid":"00", "Xaxis":"14620", "Yaxis":"1659" ,"type":"curve","updateTime":0} 
{"nodeID":"1003013", "floor":"1", "zone":"B", "area":"17", "bay":"10", "hid":"00", "Xaxis":"14630", "Yaxis":"1658" ,"type":"curve","updateTime":0} 
{"nodeID":"1003014", "floor":"1", "zone":"B", "area":"17", "bay":"10", "hid":"00", "Xaxis":"14640", "Yaxis":"1657" ,"type":"curve","updateTime":0} 
{"nodeID":"1003015", "floor":"1", "zone":"B", "area":"17", "bay":"10", "hid":"00", "Xaxis":"14650", "Yaxis":"1656" ,"type":"curve","updateTime":0} 
{"nodeID":"1003016", "floor":"1", "zone":"B", "area":"17", "bay":"10", "hid":"00", "Xaxis":"14660", "Yaxis":"1655" ,"type":"curve","updateTime":0} 
{"nodeID":"1003017", "floor":"1", "zone":"B", "area":"17", "bay":"10", "hid":"00", "Xaxis":"14670", "Yaxis":"1654" ,"type":"curve","updateTime":0} 
{"nodeID":"1003018", "floor":"1", "zone":"B", "area":"17", "bay":"10", "hid":"00", "Xaxis":"14680", "Yaxis":"1653" ,"type":"curve","updateTime":0} 
{"nodeID":"1003019", "floor":"1", "zone":"B", "area":"17", "bay":"10", "hid":"00", "Xaxis":"14690", "Yaxis":"1652" ,"type":"curve","updateTime":0} 
{"nodeID":"1003020", "floor":"1", "zone":"B", "area":"17", "bay":"10", "hid":"00", "Xaxis":"14700", "Yaxis":"1651" ,"type":"curve","updateTime":0} 
{"nodeID":"1003021", "floor":"1", "zone":"B", "area":"17", "bay":"10", "hid":"00", "Xaxis":"14710", "Yaxis":"1650" ,"type":"curve","updateTime":0} 
{"nodeID":"1003022", "floor":"1", "zone":"B", "area":"17", "bay":"10", "hid":"00", "Xaxis":"14720", "Yaxis":"1651" ,"type":"curve","updateTime":0} 
{"nodeID":"1003023", "floor":"1", "zone":"B", "area":"17", "bay":"10", "hid":"00", "Xaxis":"14730", "Yaxis":"1652" ,"type":"curve","updateTime":0} 
{"nodeID":"1003024", "floor":"1", "zone":"B", "area":"17", "bay":"10", "hid":"00", "Xaxis":"14740", "Yaxis":"1653" ,"type":"curve","updateTime":0} 
{"nodeID":"1003025", "floor":"1", "zone":"B", "area":"17", "bay":"10", "hid":"00", "Xaxis":"14750", "Yaxis":"1654" ,"type":"curve","updateTime":0} 
{"nodeID":"1003026", "floor":"1", "zone":"B", "area":"17", "bay":"10", "hid":"00", "Xaxis":"14760", "Yaxis":"1655" ,"type":"curve","updateTime":0} 
{"nodeID":"1003027", "floor":"1", "zone":"B", "area":"17", "bay":"10", "hid":"00", "Xaxis":"14770", "Yaxis":"1656" ,"type":"curve","updateTime":0} 
{"nodeID":"1003028", "floor":"1", "zone":"B", "area":"17", "bay":"10", "hid":"00", "Xaxis":"14780", "Yaxis":"1657" ,"type":"curve","updateTime":0} 
{"nodeID":"1003029", "floor":"1", "zone":"B", "area":"17", "bay":"10", "hid":"00", "Xaxis":"14790", "Yaxis":"1658" ,"type":"curve","updateTime":0} 
{"nodeID":"1003030", "floor":"1", "zone":"B", "area":"17", "bay":"10", "hid":"00", "Xaxis":"14800", "Yaxis":"1659" ,"type":"curve","updateTime":0} 
{"nodeID":"1003031", "floor":"1", "zone":"B", "area":"17", "bay":"10", "hid":"00", "Xaxis":"14810", "Yaxis":"1660" ,"type":"curve","updateTime":0} 
{"nodeID":"1003032", "floor":"1", "zone":"B", "area":"17", "bay":"10", "hid":"00", "Xaxis":"14820", "Yaxis":"1661" ,"type":"curve","updateTime":0} 
{"nodeID":"1003033", "floor":"1", "zone":"B", "area":"17", "bay":"10", "hid":"00", "Xaxis":"14830", "Yaxis":"1662" ,"type":"curve","updateTime":0} 
{"nodeID":"1003034", "floor":"1", "zone":"B", "area":"17", "bay":"10", "hid":"00", "Xaxis":"14840", "Yaxis":"1663" ,"type":"curve","updateTime":0} 
{"nodeID":"1003035", "floor":"1", "zone":"B", "area":"17", "bay":"10", "hid":"00", "Xaxis":"14850", "Yaxis":"1664" ,"type":"curve","updateTime":0} 
{"nodeID":"1003036", "floor":"1", "zone":"B", "area":"17", "bay":"10", "hid":"00", "Xaxis":"14860", "Yaxis":"1665" ,"type":"curve","updateTime":0} 
{"nodeID":"1003037", "floor":"1", "zone":"B", "area":"17", "bay":"10", "hid":"00", "Xaxis":"14870", "Yaxis":"1666" ,"type":"curve","updateTime":0} 
{"nodeID":"1003038", "floor":"1", "zone":"B", "area":"17", "bay":"10", "hid":"00", "Xaxis":"14880", "Yaxis":"1667" ,"type":"curve","updateTime":0} 
{"nodeID":"1003039", "floor":"1", "zone":"B", "area":"17", "bay":"10", "hid":"00", "Xaxis":"14890", "Yaxis":"1668" ,"type":"curve","updateTime":0} 
{"nodeID":"1003040", "floor":"1", "zone":"B", "area":"17", "bay":"10", "hid":"00", "Xaxis":"14895", "Yaxis":"1669" ,"type":"curve","updateTime":0} 
